student_id,cgpa,tenth_percentage,twelfth_percentage,aptitude_score,coding_score,technical_score,communication_score,number_of_projects,internship,internship_months,certifications,attendance_percentage,backlogs,extracurricular_activities,placement_status
1,7.75,84.34,65.64,50.62,45.26,64.12,83.78,2,Yes,6,1,84.15,1,Yes,Placed
2,7.05,68.39,59.66,44.71,46.92,47.48,89.32,2,No,0,0,72.75,0,No,Placed
3,7.91,65.18,,41.25,49.17,54.33,78.98,2,Yes,3,1,86.53,4,No,Not Placed
4,8.88,74.96,87.57,71.19,62.78,66.3,35.04,4,No,0,3,83.89,0,Yes,Placed
5,6.94,72.96,75.11,61.79,52.33,48.49,67.2,4,No,0,2,88.21,0,Yes,Placed
6,6.94,69.56,56.92,70.69,68.1,46.46,49.2,2,No,0,0,94.1,0,Yes,Placed
7,8.94,83.36,83.91,75.36,66.68,71.34,66.35,2,Yes,6,0,79.1,1,Yes,Placed
8,8.04,86.46,70.44,68.98,40.57,41.34,87.64,2,No,0,1,73.2,4,Yes,Not Placed
9,6.68,76.06,82.12,74.87,70.57,63.86,75.49,1,No,0,2,90.28,0,No,Placed
10,7.8,92.73,84.69,63.96,49.82,49.07,90.67,2,Yes,2,0,90.02,0,No,Placed
11,6.69,61.3,59.42,47.2,52.64,68.46,76.15,2,No,0,2,83.01,0,No,Placed
12,6.69,72.68,81.01,80.87,60.2,90.45,46.63,1,No,0,1,100.0,0,Yes,Placed
13,7.47,66.4,54.46,56.16,62.72,62.93,24.62,1,No,0,1,77.62,0,No,Not Placed
14,5.1,52.6,45.0,50.97,57.18,50.67,72.68,2,Yes,3,3,73.0,0,Yes,Placed
15,5.3,74.01,66.94,62.33,49.61,41.65,66.15,4,Yes,6,2,86.18,0,Yes,Placed
16,6.58,73.54,79.49,51.31,39.73,47.89,52.41,2,No,0,2,75.25,0,No,Not Placed
17,6.09,93.16,76.69,58.74,81.37,92.41,39.39,3,Yes,2,1,86.96,0,No,Placed
18,7.55,82.57,56.66,70.16,63.28,62.87,,2,Yes,3,1,73.67,1,Yes,Placed
19,6.2,62.71,,70.23,47.4,30.46,66.5,2,Yes,1,1,78.0,0,No,Not Placed
20,5.65,97.25,96.94,51.53,59.63,63.9,81.99,2,Yes,6,1,100.0,0,No,Not Placed
21,8.81,89.65,95.29,57.68,74.24,79.13,73.4,3,Yes,2,1,77.94,0,No,Placed
22,6.95,81.99,75.08,81.11,61.6,51.6,98.95,0,Yes,2,0,74.01,0,No,Placed
23,7.27,72.28,66.76,72.45,95.58,90.4,51.36,2,No,0,0,93.71,0,No,Placed
24,5.63,63.49,71.37,96.13,40.94,62.0,85.86,1,No,0,1,71.49,1,No,Not Placed
25,6.6,70.53,53.52,82.7,48.04,57.71,70.85,2,No,0,2,75.07,4,No,Not Placed
26,7.32,88.06,81.15,82.16,60.32,58.97,82.5,5,No,0,3,87.77,1,Yes,Placed
27,5.93,97.62,94.38,44.18,63.54,67.89,62.14,1,No,0,1,91.38,0,Yes,Not Placed
28,7.61,93.52,92.76,76.46,38.31,45.72,89.29,2,No,0,1,94.2,0,No,Not Placed
29,6.54,69.13,63.14,64.2,22.83,20.39,75.31,2,No,0,0,74.53,0,No,Not Placed
30,6.88,61.56,60.68,56.74,46.23,28.88,57.77,4,No,0,3,87.96,3,Yes,Not Placed
31,6.54,76.69,54.11,67.52,27.8,52.32,69.78,2,No,0,1,77.34,4,No,Not Placed
32,9.24,53.78,48.13,79.18,67.53,77.19,65.69,3,No,0,2,75.94,0,Yes,Placed
33,7.19,78.88,79.62,72.51,65.02,68.15,78.81,4,No,0,2,94.03,0,No,Placed
34,6.04,73.23,63.05,51.82,34.93,35.6,48.76,2,No,0,0,76.5,1,Yes,Not Placed
35,8.1,69.41,67.94,76.14,43.44,47.96,69.47,2,Yes,1,1,84.78,0,Yes,Placed
36,5.86,55.86,58.85,55.44,47.9,39.4,77.12,2,Yes,3,3,83.56,1,No,Not Placed
37,7.43,81.16,75.31,68.25,72.38,66.82,70.59,3,Yes,6,0,71.29,2,Yes,Placed
38,5.04,68.61,68.11,60.45,14.93,10.0,,0,Yes,6,1,91.66,0,Yes,Not Placed
39,5.74,60.96,52.16,61.72,58.22,51.91,83.93,2,Yes,1,3,87.6,4,Yes,Not Placed
40,7.42,45.0,45.0,76.49,71.59,69.95,69.87,3,No,0,1,62.14,4,Yes,Not Placed
41,8.01,74.67,77.08,49.4,78.41,75.8,73.9,2,No,0,2,84.77,3,No,Placed
42,7.39,96.27,92.9,94.18,77.39,82.02,75.32,2,No,0,3,74.27,0,No,Placed
43,7.07,94.94,85.75,37.68,89.61,81.98,77.26,2,Yes,3,2,92.97,0,Yes,Placed
44,6.87,69.51,69.36,56.03,49.61,65.03,37.14,1,No,0,0,67.55,0,No,Not Placed
45,5.57,67.77,71.71,70.55,46.23,64.11,64.57,2,No,0,1,78.44,0,No,Not Placed
46,6.41,80.63,,73.76,45.02,58.35,43.28,2,Yes,3,0,85.62,0,No,Placed
47,6.69,63.02,70.99,63.49,53.58,56.67,93.01,4,No,0,2,82.54,0,No,Placed
48,8.36,78.62,73.07,64.14,89.9,72.36,68.9,1,No,0,2,89.63,1,No,Placed
49,7.58,84.19,84.18,71.16,40.45,57.06,66.52,4,No,0,1,66.82,0,Yes,Not Placed
50,5.26,89.72,95.33,61.53,29.17,55.68,86.14,2,Yes,1,1,98.52,0,Yes,Not Placed
51,7.56,73.8,60.44,85.9,81.11,85.97,77.6,0,No,0,0,87.25,0,Yes,Placed
52,6.78,72.56,64.62,77.59,69.51,91.11,49.68,3,No,0,2,95.6,1,No,Placed
53,6.46,64.46,60.71,78.09,46.2,40.51,68.72,0,No,0,2,90.74,0,No,Not Placed
54,7.87,65.08,57.3,50.51,75.8,56.67,63.97,5,No,0,3,81.88,0,No,Placed
55,8.33,72.28,83.93,63.81,71.79,77.95,38.6,4,No,0,2,69.16,4,No,Not Placed
56,8.22,79.41,69.61,60.49,88.3,82.6,57.58,1,No,0,2,76.36,0,Yes,Placed
57,6.28,85.96,77.92,49.92,51.33,64.05,66.7,1,Yes,1,2,97.9,0,No,Placed
58,6.86,65.36,65.46,70.4,70.26,70.15,67.93,2,No,0,1,95.85,1,Yes,Placed
59,7.56,92.91,79.0,56.94,100.0,78.4,43.32,2,Yes,6,1,75.8,1,Yes,Placed
60,8.27,71.75,66.41,74.83,75.16,72.92,90.73,2,No,0,3,53.82,0,Yes,Placed
61,6.67,74.74,74.81,48.95,54.12,37.24,68.16,2,No,0,1,79.87,3,No,Not Placed
62,7.0,66.03,61.77,90.79,66.8,62.71,70.68,2,Yes,3,1,79.12,3,Yes,Placed
63,5.98,45.91,45.57,51.56,42.39,54.86,77.21,1,No,0,0,79.5,0,No,Not Placed
64,5.88,85.61,77.81,68.29,82.89,87.24,55.81,3,No,0,0,87.29,0,Yes,Placed
65,8.09,83.84,68.34,76.88,67.45,73.91,78.21,3,Yes,6,1,90.76,0,Yes,Placed
66,8.69,71.62,72.03,56.44,65.44,45.53,63.39,2,No,0,0,91.9,0,No,Not Placed
67,7.12,75.8,87.26,77.79,44.43,50.85,53.86,4,Yes,6,0,86.46,0,No,Placed
68,8.3,81.19,78.22,46.56,82.89,59.74,80.32,1,No,0,1,63.99,1,Yes,Placed
69,7.6,56.25,57.43,86.78,73.79,89.45,96.85,0,Yes,1,0,78.59,0,Yes,Placed
70,6.49,68.65,72.33,65.21,44.46,44.85,83.05,2,No,0,2,100.0,1,No,Not Placed
71,7.6,84.53,70.92,56.05,69.43,54.56,86.61,2,No,0,1,85.74,0,Yes,Placed
72,8.89,59.95,72.57,60.51,48.51,52.41,60.63,2,No,0,1,85.68,0,No,Placed
73,7.16,78.52,77.29,77.13,60.06,58.78,41.24,4,Yes,2,0,85.59,0,Yes,Placed
74,8.92,58.72,70.9,56.23,78.16,86.42,96.82,5,No,0,1,86.15,0,Yes,Placed
75,4.32,80.6,71.67,53.76,60.16,50.89,100.0,2,No,0,1,58.17,0,Yes,Not Placed
76,8.1,74.57,86.66,61.68,53.27,41.8,97.77,3,Yes,3,2,79.6,1,No,Placed
77,7.3,55.62,61.26,47.35,39.19,20.11,63.96,0,No,0,2,81.62,0,No,Not Placed
78,6.87,88.98,89.5,,41.54,56.46,49.22,1,Yes,6,0,94.81,0,Yes,Placed
79,7.3,66.18,66.44,56.5,38.36,38.18,50.82,3,No,0,1,82.48,1,No,Not Placed
80,5.01,65.28,61.76,77.47,60.16,51.06,39.69,2,No,0,0,65.53,0,No,Not Placed
81,6.96,77.41,84.27,68.14,78.9,87.56,68.07,2,No,0,4,86.3,0,No,Placed
82,7.59,88.78,86.03,50.23,65.55,67.62,98.9,2,No,0,3,73.96,0,Yes,Placed
83,8.83,62.81,45.79,64.91,88.92,81.44,67.45,2,No,0,1,69.83,1,Yes,Placed
84,6.63,75.74,64.23,76.76,55.05,75.21,75.44,1,Yes,3,1,73.66,0,No,Placed
85,6.31,80.15,75.64,62.18,49.06,59.62,94.76,2,No,0,2,87.43,0,Yes,Placed
86,6.65,83.32,82.47,82.9,48.19,50.37,62.73,1,No,0,2,94.59,0,Yes,Not Placed
87,8.21,77.12,73.95,80.32,61.0,56.4,100.0,0,No,0,1,86.83,3,No,Not Placed
88,7.56,70.6,78.29,78.78,37.28,57.91,100.0,2,No,0,3,88.32,0,Yes,Not Placed
89,6.62,65.07,47.95,58.11,56.9,61.23,67.64,1,Yes,1,1,86.73,1,Yes,Not Placed
90,7.76,76.03,74.58,48.8,61.51,59.4,59.6,4,No,0,1,83.01,1,Yes,Placed
91,7.31,62.13,46.38,55.8,69.63,57.02,82.55,0,Yes,3,2,88.97,0,No,Placed
92,8.27,45.0,51.58,67.94,67.53,73.73,63.74,1,Yes,1,1,57.81,1,Yes,Placed
93,6.43,80.24,76.46,73.19,48.98,48.69,49.18,2,No,0,2,83.11,2,No,Not Placed
94,6.84,85.85,85.62,32.43,41.65,37.86,93.06,2,Yes,1,0,71.55,0,No,Not Placed
95,6.77,46.64,45.0,64.88,55.23,72.6,91.9,0,Yes,2,1,93.63,0,Yes,Placed
96,5.59,62.88,71.83,67.37,55.79,52.66,72.8,0,No,0,0,80.53,0,Yes,Not Placed
97,7.53,82.43,87.52,60.84,43.06,32.66,47.27,5,Yes,1,1,82.31,0,Yes,Not Placed
98,7.49,99.69,99.39,84.37,61.21,57.63,47.87,3,Yes,3,1,66.95,2,No,Placed
99,7.21,75.25,71.69,71.33,61.14,74.14,71.93,2,Yes,1,4,92.17,0,Yes,Placed
100,6.94,66.26,69.28,84.65,44.76,59.28,61.0,2,Yes,6,1,88.27,0,No,Placed
101,5.64,72.81,64.87,61.76,36.33,42.67,63.86,1,No,0,2,87.57,2,Yes,Not Placed
102,6.74,91.5,94.19,79.06,57.36,58.78,88.4,2,No,0,1,73.87,0,Yes,Placed
103,6.82,67.25,78.72,,37.58,58.02,83.2,2,No,0,2,74.26,0,Yes,Placed
104,6.32,65.41,72.43,84.68,55.79,55.96,94.81,4,No,0,1,84.24,2,No,Not Placed
105,7.02,69.21,61.45,48.62,42.75,47.57,,1,Yes,6,1,75.06,0,Yes,Placed
106,7.64,63.56,65.1,61.19,77.1,65.01,63.82,3,Yes,2,0,86.35,1,Yes,Placed
107,9.27,76.47,63.48,59.82,100.0,78.97,83.66,1,Yes,3,1,60.39,0,No,Placed
108,7.39,94.5,94.63,72.34,46.22,47.68,78.07,1,No,0,1,77.12,0,No,Placed
109,7.48,78.88,79.59,75.3,67.88,66.35,97.58,0,No,0,1,99.97,0,No,Placed
110,7.12,71.97,54.82,52.42,46.04,47.47,77.57,1,No,0,3,86.39,0,No,Not Placed
111,5.09,71.5,60.05,66.02,56.33,61.59,100.0,4,Yes,2,2,83.67,4,No,Placed
112,7.17,56.24,53.35,34.7,38.39,10.0,79.72,2,Yes,2,3,100.0,4,Yes,Not Placed
113,7.27,85.6,79.63,86.63,65.34,63.65,89.12,0,No,0,1,58.64,2,Yes,Placed
114,9.91,74.07,61.98,57.31,66.18,59.61,64.18,5,Yes,6,3,73.85,0,No,Placed
115,6.99,72.83,73.66,65.84,52.8,71.76,70.26,4,No,0,2,77.99,4,Yes,Not Placed
116,7.53,100.0,97.01,60.36,44.79,38.66,86.4,3,No,0,0,90.58,1,No,Not Placed
117,7.16,78.59,74.17,82.19,69.63,75.03,99.03,4,No,0,1,90.76,0,Yes,Placed
118,5.91,65.98,,22.44,34.76,46.01,83.13,1,No,0,0,73.34,1,Yes,Not Placed
119,8.46,69.88,76.28,64.75,75.94,59.45,68.5,3,No,0,0,91.98,0,Yes,Placed
120,8.03,88.78,98.15,63.41,59.06,64.3,94.79,3,No,0,0,77.97,0,Yes,Placed
121,8.07,76.36,69.85,58.2,62.84,53.43,30.54,4,No,0,0,94.12,2,No,Not Placed
122,6.2,57.74,52.07,90.89,51.81,58.49,44.4,3,Yes,3,2,71.67,0,Yes,Placed
123,8.74,86.03,86.36,51.69,58.52,48.44,82.27,2,No,0,1,80.77,0,Yes,Placed
124,5.66,66.98,62.42,76.58,48.42,49.55,70.25,3,No,0,1,77.1,0,No,Not Placed
125,7.85,97.48,91.62,70.34,85.72,100.0,80.9,1,Yes,1,2,92.56,3,Yes,Placed
126,9.61,87.96,90.08,83.92,65.2,79.26,71.16,2,No,0,2,76.77,0,No,Placed
127,6.11,69.63,52.39,54.99,66.46,74.04,80.28,1,Yes,2,3,81.58,0,No,Placed
128,6.58,90.37,96.88,54.01,75.09,73.68,55.34,4,No,0,1,87.07,0,No,Placed
129,7.31,75.81,73.81,81.44,46.23,40.73,80.27,1,No,0,1,87.45,0,No,Not Placed
130,6.65,85.23,78.42,71.38,31.34,47.3,87.9,2,Yes,3,1,90.87,4,Yes,Not Placed
131,5.49,80.82,77.02,41.83,48.48,57.22,91.97,2,Yes,6,0,84.11,0,No,Not Placed
132,7.28,64.84,63.06,56.91,49.99,43.53,100.0,5,No,0,0,77.82,0,No,Placed
133,6.03,67.28,51.7,70.8,76.28,84.29,74.39,2,No,0,1,78.5,0,No,Placed
134,7.72,87.36,95.58,,62.29,73.92,74.93,3,No,0,4,82.26,2,Yes,Placed
135,6.19,70.98,69.22,54.81,37.48,61.2,42.58,4,Yes,6,0,84.5,0,No,Placed
136,8.9,70.16,71.68,21.29,54.03,40.03,60.43,2,No,0,0,80.53,1,No,Not Placed
137,6.34,63.54,69.8,72.85,67.06,57.82,66.52,2,No,0,0,82.19,0,No,Placed
138,6.85,80.08,68.91,46.7,46.2,42.73,88.91,3,Yes,1,2,66.83,0,Yes,Not Placed
139,8.09,99.75,98.56,34.74,65.42,70.57,59.0,4,Yes,2,1,88.67,3,Yes,Placed
140,5.85,62.19,58.83,22.52,61.11,31.24,84.33,3,Yes,1,1,83.81,3,No,Not Placed
141,7.45,75.29,79.54,77.21,52.34,39.12,69.97,1,Yes,2,0,92.02,3,Yes,Not Placed
142,8.64,91.95,70.73,66.93,68.41,68.86,66.81,4,No,0,1,82.0,3,Yes,Placed
143,5.43,74.04,70.85,61.62,43.21,44.3,74.48,2,Yes,2,0,64.62,2,No,Not Placed
144,7.4,80.43,72.56,85.84,69.47,74.46,62.96,2,No,0,1,78.42,1,Yes,Placed
145,7.49,62.25,64.48,74.56,68.75,79.94,62.28,3,No,0,0,80.0,2,Yes,Not Placed
146,8.06,80.14,80.89,89.24,61.18,64.07,39.31,1,Yes,3,2,89.43,0,Yes,Placed
147,5.84,72.75,64.82,44.11,47.67,27.87,65.54,3,No,0,1,61.3,0,Yes,Not Placed
148,5.75,86.83,77.45,64.48,40.4,68.07,61.36,2,Yes,1,2,82.41,0,Yes,Not Placed
149,7.77,89.25,84.44,40.75,40.03,30.27,60.71,4,No,0,1,87.14,4,Yes,Not Placed
150,7.53,100.0,87.83,61.56,64.08,52.73,77.5,1,Yes,2,1,75.39,0,Yes,Placed
151,7.48,81.96,85.5,61.27,88.19,91.15,81.86,2,No,0,0,82.75,2,No,Placed
152,7.58,78.91,73.06,74.4,47.39,51.65,74.18,3,No,0,1,75.73,0,No,Not Placed
153,6.45,77.33,51.34,65.68,40.02,47.09,87.92,0,No,0,1,74.7,0,Yes,Not Placed
154,7.46,70.76,65.69,74.35,46.58,59.74,80.36,1,No,0,1,77.92,0,Yes,Placed
155,7.52,79.06,67.85,75.55,71.05,83.23,64.69,5,No,0,2,74.89,0,Yes,Placed
156,6.41,71.46,56.26,97.32,58.04,66.49,61.67,1,Yes,6,2,88.84,0,No,Placed
157,9.25,77.02,64.42,60.27,71.64,83.43,75.63,5,No,0,2,74.65,0,No,Placed
158,7.72,90.81,87.61,50.88,48.0,27.51,80.33,1,No,0,0,72.97,2,Yes,Not Placed
159,5.89,62.92,72.26,68.69,48.5,62.16,95.16,2,No,0,1,99.68,0,Yes,Placed
160,7.92,88.68,87.32,52.97,39.91,35.43,91.44,3,Yes,6,0,91.61,0,No,Placed
161,6.13,90.81,81.87,87.23,51.17,75.71,60.25,3,Yes,2,1,63.38,0,No,Not Placed
162,8.07,73.58,74.87,60.75,77.6,73.97,68.16,2,No,0,1,74.35,1,Yes,Placed
163,8.47,49.54,45.91,56.52,49.03,44.55,82.08,2,No,0,0,84.42,0,No,Placed
164,6.3,67.71,60.38,57.93,27.39,43.18,89.22,3,Yes,6,2,85.24,0,No,Placed
165,8.26,90.56,77.27,75.78,89.77,94.5,86.9,1,No,0,1,67.1,0,No,Placed
166,7.65,74.73,58.24,62.63,52.06,61.65,68.85,2,No,0,1,93.59,0,Yes,Placed
167,8.1,63.01,58.59,55.37,81.87,63.63,47.43,1,No,0,0,90.25,1,No,Placed
168,9.29,68.94,68.31,89.98,71.98,72.54,52.02,2,No,0,1,86.82,2,Yes,Placed
169,6.93,85.09,80.81,52.16,53.01,52.71,74.91,1,Yes,1,3,95.57,0,No,Not Placed
170,6.37,81.56,75.08,65.53,57.54,59.53,76.16,2,Yes,2,1,86.52,0,No,Placed
171,6.22,72.13,62.35,74.78,36.51,55.49,50.22,2,Yes,3,3,86.49,0,Yes,Not Placed
172,6.3,70.6,73.4,40.53,52.41,28.7,70.8,0,No,0,0,97.58,0,No,Not Placed
173,7.12,70.3,57.73,72.2,51.2,60.84,81.36,0,No,0,1,93.01,1,Yes,Not Placed
174,7.58,63.93,68.75,49.17,40.79,40.41,49.28,3,Yes,2,2,73.58,0,Yes,Not Placed
175,7.5,94.38,81.93,77.34,65.1,60.39,89.89,2,No,0,1,88.33,0,Yes,Placed
176,8.11,71.13,63.0,50.56,60.93,50.39,63.2,4,No,0,0,75.36,0,Yes,Placed
177,7.21,89.61,73.91,75.39,55.36,59.22,92.64,3,Yes,1,1,87.04,4,Yes,Placed
178,8.8,93.26,84.92,81.59,52.24,25.03,60.4,0,Yes,2,1,86.77,2,No,Not Placed
179,6.91,86.98,91.08,77.92,79.14,71.76,51.52,2,No,0,2,68.17,2,Yes,Not Placed
180,10.0,69.82,71.96,68.77,93.15,77.08,61.75,0,Yes,1,2,80.78,0,Yes,Placed
181,7.89,79.84,84.69,61.53,77.57,78.08,68.29,3,No,0,2,84.65,0,Yes,Placed
182,6.26,74.71,76.42,56.35,45.48,40.68,63.01,5,No,0,1,77.64,0,Yes,Not Placed
183,6.02,64.16,53.91,87.07,22.24,39.54,66.11,2,No,0,0,85.15,0,Yes,Not Placed
184,7.73,78.89,73.36,54.51,91.14,95.57,76.01,3,No,0,1,90.06,0,Yes,Placed
185,6.95,60.85,53.52,49.44,54.72,63.08,66.92,1,No,0,2,81.69,0,Yes,Placed
186,7.99,89.25,95.97,74.98,52.65,68.37,68.81,2,No,0,3,84.25,0,Yes,Placed
187,7.72,69.42,57.91,53.06,68.02,58.53,39.23,4,No,0,0,95.83,2,No,Placed
188,7.12,77.41,81.82,50.75,74.47,72.78,77.05,1,No,0,1,86.73,0,No,Not Placed
189,6.27,78.4,82.7,43.35,49.8,45.53,68.39,1,Yes,6,1,84.01,0,Yes,Not Placed
190,5.53,71.89,84.34,57.76,63.45,59.78,98.99,2,Yes,3,0,72.42,0,Yes,Placed
191,6.71,82.04,75.56,63.76,69.92,72.17,53.09,3,No,0,1,88.71,0,No,Placed
192,8.14,69.3,73.07,68.65,48.99,48.92,37.45,2,No,0,1,85.3,0,Yes,Not Placed
193,7.44,85.46,100.0,79.27,49.38,73.27,81.13,4,Yes,2,0,94.84,0,No,Placed
194,5.83,58.85,53.02,72.9,61.0,62.97,76.24,0,Yes,2,2,82.47,0,Yes,Placed
195,7.39,76.52,61.58,62.14,18.43,37.73,51.85,2,No,0,2,63.84,0,Yes,Not Placed
196,7.62,98.27,78.4,62.03,58.75,74.29,42.46,3,Yes,2,3,65.0,0,No,Placed
197,6.23,63.0,67.4,72.65,28.36,51.96,97.67,1,No,0,0,89.36,0,No,Not Placed
198,7.37,66.87,50.12,84.09,51.8,47.4,95.45,3,No,0,1,76.3,0,Yes,Placed
199,7.26,81.17,75.07,66.89,53.63,62.06,25.23,1,No,0,1,86.37,0,Yes,Placed
200,5.94,77.15,77.94,57.96,42.17,55.41,61.75,0,Yes,6,1,83.14,0,Yes,Not Placed
201,7.59,79.21,77.77,50.11,52.46,60.68,99.96,1,Yes,3,1,80.33,2,No,Not Placed
202,7.82,80.87,81.19,43.32,46.08,34.12,61.43,4,Yes,3,2,81.04,0,No,Placed
203,8.39,82.62,81.13,74.99,100.0,85.93,61.17,2,Yes,3,0,73.35,0,Yes,Placed
204,8.36,88.32,94.72,73.67,94.89,98.47,64.91,3,No,0,3,81.84,3,Yes,Placed
205,5.68,79.92,69.31,73.66,28.05,34.11,49.82,2,No,0,2,76.16,2,Yes,Not Placed
206,6.17,72.1,64.48,63.07,73.08,67.08,39.31,2,Yes,1,2,78.28,4,Yes,Not Placed
207,7.77,83.07,73.58,86.1,56.14,80.89,88.95,2,Yes,2,2,78.76,1,Yes,Placed
208,7.77,97.8,99.66,57.74,64.06,61.68,36.83,4,Yes,2,1,79.73,0,No,Placed
209,7.77,73.41,78.27,79.33,61.18,59.36,74.45,3,No,0,2,91.22,0,Yes,Placed
210,10.0,63.31,65.58,64.42,70.1,59.62,85.96,3,No,0,1,80.7,1,Yes,Placed
211,7.83,88.28,93.92,55.87,77.38,74.26,43.88,0,No,0,2,92.24,4,No,Not Placed
212,8.45,73.56,61.78,73.89,69.48,57.47,53.36,2,No,0,0,97.38,0,Yes,Placed
213,8.25,48.93,62.37,71.14,58.85,60.06,91.84,2,No,0,0,90.55,2,Yes,Placed
214,7.92,85.17,93.84,70.35,43.76,55.07,79.59,4,No,0,1,87.34,0,Yes,Placed
215,6.85,68.58,72.6,66.22,41.42,61.85,58.89,1,Yes,1,1,85.27,0,Yes,Not Placed
216,8.03,73.91,85.78,64.43,39.66,53.77,91.64,1,No,0,1,90.65,3,No,Not Placed
217,6.35,78.98,62.83,100.0,50.98,58.55,91.72,2,Yes,2,1,82.89,1,No,Placed
218,6.94,77.29,70.36,82.76,37.57,62.91,74.84,1,No,0,2,91.85,4,Yes,Not Placed
219,6.67,83.51,74.28,75.84,49.35,54.3,53.8,1,Yes,3,1,88.14,1,Yes,Placed
220,7.29,69.77,73.57,66.68,78.87,62.86,62.56,4,No,0,1,78.4,0,Yes,Placed
221,9.75,81.16,69.64,80.11,95.96,89.48,75.15,2,Yes,1,0,90.96,0,No,Placed
222,5.15,71.89,75.76,72.77,40.68,64.69,66.61,4,No,0,1,82.91,3,Yes,Not Placed
223,7.95,83.87,91.44,65.39,62.33,64.9,86.9,3,Yes,1,1,80.94,0,Yes,Placed
224,5.43,82.38,84.71,60.45,71.61,68.38,42.46,1,No,0,2,77.24,0,Yes,Placed
225,6.68,63.77,64.67,63.79,61.26,78.39,43.1,2,No,0,0,83.66,0,Yes,Not Placed
226,8.4,88.03,76.33,17.44,62.27,34.51,73.26,0,Yes,3,0,91.96,0,No,Not Placed
227,7.27,68.57,59.94,68.16,36.78,33.33,61.15,4,No,0,1,90.89,0,No,Not Placed
228,6.01,84.7,91.22,57.67,54.02,38.96,58.71,2,No,0,1,85.53,1,No,Not Placed
229,6.41,79.41,82.7,88.89,63.75,75.02,38.17,2,Yes,6,1,88.0,0,Yes,Placed
230,7.95,97.06,92.04,65.29,54.11,59.13,70.35,2,No,0,2,94.72,0,No,Placed
231,6.4,72.32,66.74,47.17,55.54,68.46,69.05,2,No,0,1,80.5,2,No,Not Placed
232,7.44,70.81,52.52,64.25,54.05,59.55,81.76,1,No,0,1,70.85,0,No,Placed
233,7.25,74.77,63.72,49.31,55.24,49.42,71.24,2,Yes,3,1,95.01,2,Yes,Placed
234,6.48,71.36,84.52,72.1,14.55,31.83,67.61,3,No,0,0,76.7,0,No,Not Placed
235,9.56,84.6,70.9,69.36,73.14,73.18,91.19,3,No,0,2,75.1,4,Yes,Placed
236,7.9,55.6,56.56,79.37,77.72,61.5,46.38,2,No,0,1,64.04,0,No,Placed
237,4.97,62.36,69.18,53.14,30.31,64.26,79.66,2,No,0,1,87.71,0,Yes,Not Placed
238,7.41,62.19,50.93,65.51,60.03,66.87,39.92,4,Yes,6,2,65.79,2,No,Placed
239,6.47,86.4,84.24,44.52,40.44,43.76,54.91,0,Yes,2,0,74.5,1,No,Not Placed
240,8.14,95.53,98.48,75.52,70.51,78.16,48.17,4,No,0,2,87.88,0,Yes,Placed
241,6.33,73.75,71.47,72.78,47.38,62.09,84.07,1,No,0,1,89.22,4,Yes,Not Placed
242,7.07,72.97,93.62,72.44,42.5,50.08,68.82,3,No,0,1,75.48,0,Yes,Not Placed
243,7.76,75.84,59.91,65.02,82.03,70.62,69.76,2,Yes,1,2,80.66,4,Yes,Not Placed
244,8.15,88.94,93.52,71.22,79.15,82.77,50.08,2,No,0,2,73.27,0,Yes,Placed
245,5.88,63.87,61.1,89.07,37.96,57.15,64.61,4,Yes,3,1,76.52,0,Yes,Placed
246,6.83,77.86,81.25,60.72,62.12,53.6,56.26,1,No,0,2,84.66,0,No,Not Placed
247,6.68,86.7,86.56,67.08,61.48,77.35,76.9,2,No,0,1,76.98,0,Yes,Placed
248,6.48,81.01,72.05,48.71,61.49,60.59,52.16,2,No,0,1,79.56,0,No,Not Placed
249,9.14,77.27,76.38,51.98,47.72,56.3,93.94,3,Yes,3,0,67.35,0,No,Placed
250,7.65,87.01,68.45,66.47,76.26,87.24,39.84,1,No,0,0,93.33,0,No,Not Placed
251,5.81,45.0,50.33,81.56,37.96,51.26,55.48,3,No,0,2,87.1,0,No,Placed
252,8.21,83.13,82.21,61.16,60.31,63.73,100.0,2,No,0,0,89.93,0,Yes,Placed
253,9.53,67.15,70.55,61.46,100.0,96.54,62.17,1,Yes,1,0,94.9,2,No,Placed
254,8.34,53.03,61.19,58.9,71.21,60.27,46.33,3,No,0,2,73.75,0,Yes,Not Placed
255,5.53,81.13,80.96,56.98,38.43,44.54,73.94,0,Yes,3,0,78.42,1,No,Not Placed
256,6.67,91.48,88.52,69.42,20.26,36.26,61.44,2,No,0,0,63.05,4,No,Not Placed
257,8.59,73.35,63.97,42.54,89.6,65.92,54.95,0,Yes,1,1,100.0,0,No,Placed
258,6.42,86.43,77.09,84.21,31.19,70.28,50.27,2,Yes,1,1,80.5,4,Yes,Not Placed
259,7.69,94.35,99.41,55.02,46.45,34.95,100.0,2,Yes,6,2,92.39,0,No,Placed
260,8.05,90.78,98.19,75.83,59.45,51.38,65.47,2,Yes,1,1,69.62,0,No,Placed
261,6.18,94.68,88.31,45.95,70.69,76.41,35.34,2,Yes,6,1,91.96,0,No,Placed
262,7.13,83.91,80.88,75.03,68.67,77.71,96.89,2,No,0,2,100.0,0,Yes,Placed
263,4.0,75.91,66.08,75.08,29.63,33.01,81.0,1,Yes,3,1,81.4,2,No,Not Placed
264,6.07,55.78,64.58,70.76,53.21,64.55,56.2,2,No,0,1,71.89,0,Yes,Not Placed
265,6.92,72.05,75.17,50.08,46.37,62.16,53.2,5,Yes,2,2,80.61,0,No,Placed
266,5.83,64.88,78.92,68.74,48.71,54.42,82.12,4,No,0,1,59.73,1,No,Not Placed
267,9.0,100.0,87.97,47.25,73.07,91.31,65.56,1,No,0,1,81.62,0,Yes,Placed
268,5.63,72.89,67.58,,59.55,42.8,35.33,0,Yes,6,0,90.21,0,Yes,Not Placed
269,6.72,76.48,75.68,80.44,68.24,78.84,100.0,4,No,0,1,81.64,0,No,Placed
270,7.34,81.62,83.63,76.95,66.16,81.06,62.19,2,Yes,3,0,79.16,3,Yes,Placed
271,8.79,75.52,71.25,65.23,64.85,73.88,96.92,2,No,0,1,87.28,2,Yes,Placed
272,5.62,95.34,83.82,50.38,56.09,52.33,93.01,3,No,0,2,88.04,0,No,Not Placed
273,8.48,67.53,72.83,74.68,66.46,66.02,51.98,2,Yes,6,1,65.4,0,No,Placed
274,7.21,77.34,80.37,65.29,41.46,53.05,88.6,2,Yes,3,0,82.89,0,No,Placed
275,6.12,66.09,57.15,30.2,42.91,47.26,58.27,5,Yes,6,2,100.0,0,Yes,Placed
276,7.71,59.16,69.09,76.74,62.93,73.1,36.4,3,Yes,2,0,68.65,1,Yes,Placed
277,7.42,67.66,75.25,64.64,73.0,80.9,62.36,1,No,0,2,81.15,0,No,Placed
278,6.54,74.56,73.17,83.04,49.57,49.42,77.16,1,No,0,1,100.0,0,No,Not Placed
279,7.28,69.85,68.5,48.57,40.08,40.35,61.67,1,Yes,1,0,93.04,3,No,Not Placed
280,6.78,66.69,69.45,17.35,55.06,34.35,64.47,3,Yes,1,3,76.87,2,No,Not Placed
281,7.32,58.12,50.42,69.19,60.3,59.11,90.58,1,Yes,6,0,84.06,0,Yes,Placed
282,7.93,74.0,71.84,69.37,66.21,77.31,71.92,0,Yes,6,4,81.98,0,Yes,Placed
283,8.94,56.94,45.0,39.64,85.36,72.72,54.82,4,No,0,0,74.52,0,No,Placed
284,5.84,84.12,87.72,50.32,61.99,84.56,82.64,1,Yes,3,0,81.26,0,Yes,Not Placed
285,9.55,75.99,60.9,100.0,67.46,79.15,73.56,0,No,0,0,79.2,0,No,Placed
286,5.05,57.51,68.79,60.42,31.18,40.55,24.61,1,Yes,6,0,83.13,0,No,Not Placed
287,7.03,71.29,66.52,75.96,40.66,52.31,77.71,1,Yes,2,2,74.52,2,No,Not Placed
288,7.85,65.97,62.68,55.24,73.26,61.48,77.05,2,No,0,1,69.23,4,No,Not Placed
289,7.51,78.83,70.93,33.65,81.81,66.78,70.36,4,No,0,2,81.59,0,Yes,Placed
290,6.52,91.09,84.67,62.45,47.39,63.19,86.05,4,No,0,0,99.15,0,No,Placed
291,6.97,52.5,63.6,61.02,52.15,55.95,57.9,2,No,0,1,82.82,1,No,Placed
292,6.66,76.38,53.84,59.0,75.26,62.45,76.06,2,No,0,1,78.68,3,Yes,Not Placed
293,6.55,73.08,80.99,63.28,60.0,51.73,41.79,2,Yes,2,1,89.54,2,No,Not Placed
294,8.13,83.06,82.45,68.96,71.62,66.32,77.33,1,No,0,1,80.42,0,Yes,Placed
295,7.59,77.56,65.15,62.75,42.88,49.58,100.0,0,No,0,1,100.0,0,No,Not Placed
296,6.44,65.98,55.78,46.04,61.68,68.93,52.09,4,Yes,3,0,81.96,1,Yes,Placed
297,8.19,71.17,82.47,72.29,51.58,44.39,56.32,1,No,0,2,89.0,1,No,Not Placed
298,7.54,65.45,56.34,35.76,43.29,37.84,57.22,1,Yes,6,2,74.45,0,No,Not Placed
299,8.09,87.91,74.89,34.24,59.55,53.4,72.34,2,Yes,6,1,87.03,0,No,Placed
300,7.89,75.26,81.83,76.09,54.35,42.54,50.87,2,No,0,0,84.75,1,No,Not Placed
301,6.29,97.81,95.74,72.61,46.98,46.33,77.58,0,No,0,0,81.43,0,No,Not Placed
302,6.58,74.27,64.34,64.14,31.06,34.18,85.24,1,No,0,1,76.98,2,Yes,Not Placed
303,8.02,66.5,66.58,44.07,78.56,60.25,79.62,2,Yes,2,0,75.62,0,Yes,Placed
304,7.87,56.84,47.95,54.38,79.89,74.15,38.17,3,No,0,0,84.82,1,No,Placed
305,7.18,53.36,61.83,61.06,28.21,36.46,87.91,1,No,0,2,88.29,0,Yes,Not Placed
306,7.33,55.99,63.88,41.06,73.31,58.08,86.87,2,Yes,6,1,80.73,0,Yes,Placed
307,8.61,78.21,79.64,53.91,56.69,60.13,84.94,2,No,0,1,84.87,1,Yes,Placed
308,6.55,81.1,80.89,74.78,65.25,85.34,76.71,4,No,0,0,81.62,1,Yes,Placed
309,7.8,56.03,69.51,86.41,61.39,85.29,73.96,2,No,0,3,82.99,3,No,Placed
310,6.98,85.74,82.16,58.71,56.25,37.76,88.58,1,Yes,2,0,80.0,0,No,Not Placed
311,6.96,69.2,57.83,76.35,52.91,65.71,100.0,2,Yes,3,2,82.18,1,Yes,Placed
312,8.41,76.76,77.68,36.29,85.45,68.92,52.85,3,No,0,3,100.0,0,No,Placed
313,8.11,94.35,100.0,74.89,46.27,56.41,89.41,1,No,0,2,85.12,0,Yes,Placed
314,8.09,85.76,74.07,52.94,73.88,63.61,68.45,2,No,0,4,88.45,2,No,Placed
315,8.64,71.78,66.71,69.61,85.61,81.98,67.67,0,Yes,3,1,86.38,0,Yes,Placed
316,7.22,64.31,66.21,61.28,68.53,67.87,42.34,0,No,0,0,79.37,0,No,Not Placed
317,7.95,49.18,48.83,84.81,98.47,88.58,64.87,2,No,0,0,94.94,0,Yes,Placed
318,6.86,66.37,56.87,51.88,46.94,39.46,52.05,1,Yes,6,1,79.09,0,Yes,Placed
319,7.56,72.47,79.19,74.41,74.81,70.21,61.65,3,No,0,0,92.55,3,No,Placed
320,7.06,63.15,80.4,60.81,54.86,58.99,50.23,2,No,0,1,78.66,0,Yes,Placed
321,7.31,73.42,72.65,62.63,76.95,78.65,61.92,2,Yes,2,0,72.4,0,No,Placed
322,7.85,75.92,66.1,62.24,62.72,71.11,62.69,2,Yes,3,2,85.65,2,No,Placed
323,6.3,72.3,57.68,52.31,44.58,41.96,71.74,2,No,0,1,70.95,0,Yes,Not Placed
324,9.5,67.2,67.54,64.79,95.6,89.2,40.93,0,No,0,1,87.36,0,No,Placed
325,6.09,77.02,83.15,64.06,41.37,57.8,43.98,4,No,0,3,70.06,0,Yes,Not Placed
326,5.86,80.3,81.07,68.62,25.72,50.25,76.51,5,Yes,6,0,78.81,0,Yes,Placed
327,8.47,61.92,60.7,66.27,60.04,61.32,55.65,1,Yes,6,2,67.68,0,No,Placed
328,8.07,91.93,83.02,76.97,73.85,72.58,89.34,1,No,0,2,100.0,1,Yes,Placed
329,7.89,73.82,62.7,78.85,83.97,84.35,74.05,1,No,0,0,65.46,0,No,Placed
330,7.89,75.23,79.38,49.24,64.8,48.63,80.92,3,Yes,6,1,82.1,0,Yes,Placed
331,7.19,83.5,87.46,78.03,77.27,75.56,95.39,3,No,0,1,93.43,0,No,Placed
332,6.21,77.8,62.65,47.2,29.33,42.14,64.43,3,Yes,2,2,92.36,0,Yes,Not Placed
333,7.28,86.44,95.51,73.82,51.62,64.7,59.66,3,Yes,6,1,90.51,3,Yes,Placed
334,6.46,78.45,80.19,74.3,47.31,52.7,85.69,2,Yes,3,1,78.83,0,No,Placed
335,8.27,67.65,77.08,36.33,64.46,58.2,79.17,2,Yes,6,2,95.51,2,Yes,Placed
336,7.04,79.34,65.67,66.39,57.57,51.97,66.63,3,No,0,0,91.13,0,No,Placed
337,6.29,61.28,49.22,57.97,60.7,66.92,95.05,2,No,0,2,84.12,0,No,Placed
338,6.85,76.3,72.48,53.62,48.1,48.98,66.18,2,No,0,2,84.41,0,No,Not Placed
339,7.65,74.6,76.16,85.26,63.32,67.14,70.59,2,No,0,2,78.96,4,No,Not Placed
340,6.58,72.5,84.62,55.19,51.96,49.31,70.38,2,No,0,2,72.9,0,Yes,Not Placed
341,6.3,73.46,76.76,52.9,36.48,40.78,53.18,2,No,0,1,94.37,0,Yes,Placed
342,7.47,52.42,50.23,66.14,58.04,55.99,71.4,2,No,0,4,95.12,4,No,Placed
343,7.47,68.42,58.36,75.28,57.6,69.49,95.14,3,No,0,1,73.16,2,No,Placed
344,6.64,76.11,83.34,62.88,50.66,50.37,78.01,2,No,0,1,80.46,0,Yes,Placed
345,6.68,76.92,66.51,82.5,53.93,78.43,70.56,2,No,0,0,80.57,4,Yes,Not Placed
346,7.46,62.67,74.43,72.96,60.78,79.09,67.09,3,Yes,1,4,81.67,1,No,Placed
347,5.61,90.19,83.89,32.33,38.37,27.64,75.96,2,No,0,2,82.64,0,No,Not Placed
348,5.65,64.61,75.87,57.06,64.31,62.83,83.5,1,No,0,2,91.47,0,No,Not Placed
349,6.41,86.63,88.4,56.57,33.74,34.08,80.97,0,No,0,0,74.53,0,No,Not Placed
350,6.97,80.13,76.02,72.19,44.91,49.83,64.03,2,Yes,3,2,73.54,0,Yes,Placed
351,7.54,67.25,61.37,25.63,100.0,97.71,75.85,2,No,0,2,94.37,1,No,Placed
352,8.82,96.3,88.95,100.0,55.01,65.43,78.64,5,No,0,1,77.37,0,No,Placed
353,8.14,60.68,63.04,72.97,44.84,56.88,51.87,2,Yes,2,0,69.37,0,Yes,Placed
354,7.02,86.03,83.04,67.23,67.21,72.63,73.03,2,No,0,1,77.15,2,Yes,Not Placed
355,7.18,87.01,78.56,82.72,26.28,33.2,31.1,1,Yes,3,0,78.7,0,Yes,Not Placed
356,6.1,66.95,63.93,100.0,45.25,53.12,78.69,0,Yes,2,1,97.55,4,No,Not Placed
357,7.18,91.71,88.17,78.06,89.62,74.1,81.89,3,No,0,0,91.25,4,Yes,Placed
358,6.88,72.0,52.77,79.23,31.89,37.23,83.46,1,No,0,1,93.48,3,Yes,Not Placed
359,7.55,78.46,79.28,66.96,30.71,13.09,,2,No,0,0,90.2,2,Yes,Not Placed
360,6.29,78.12,67.47,62.88,27.83,43.79,75.56,3,No,0,0,91.46,0,Yes,Not Placed
361,7.77,73.39,61.82,57.86,75.65,90.85,95.63,2,Yes,2,0,75.12,0,Yes,Placed
362,8.89,84.73,67.76,52.61,87.96,78.83,95.45,4,Yes,2,3,80.01,0,No,Placed
363,7.08,84.52,66.72,54.69,48.95,36.51,69.47,2,Yes,6,1,72.1,0,Yes,Not Placed
364,7.64,54.02,45.0,44.74,71.38,56.96,72.51,1,Yes,3,1,79.9,0,No,Placed
365,7.96,90.65,80.91,63.86,84.53,73.74,90.0,4,No,0,1,88.84,0,No,Placed
366,6.76,55.05,70.17,39.73,80.88,58.36,42.99,4,No,0,1,83.35,4,No,Not Placed
367,7.45,87.39,79.44,67.86,55.88,68.07,64.18,1,Yes,6,3,95.11,3,No,Not Placed
368,7.21,88.52,86.09,64.46,23.19,43.67,94.04,0,Yes,3,0,70.59,0,Yes,Not Placed
369,7.31,61.91,63.92,67.2,46.15,40.91,87.55,0,No,0,0,87.0,0,Yes,Placed
370,6.35,70.07,69.11,57.17,44.4,55.48,76.65,1,Yes,6,3,69.52,0,Yes,Placed
371,7.23,61.73,59.94,100.0,53.93,83.02,42.9,5,No,0,1,82.94,2,No,Placed
372,7.75,72.42,60.62,85.4,59.16,86.06,69.1,2,No,0,0,89.4,1,Yes,Placed
373,8.8,71.3,80.78,46.33,87.15,100.0,59.38,2,Yes,1,0,79.85,0,No,Placed
374,8.26,84.36,95.38,68.49,85.16,71.14,75.96,4,Yes,6,0,87.51,0,No,Placed
375,9.57,90.72,73.19,55.88,73.97,96.79,55.43,2,No,0,4,72.4,0,No,Placed
376,6.36,91.75,79.38,49.78,67.32,58.52,51.54,2,Yes,2,0,65.36,4,No,Not Placed
377,8.16,68.25,64.19,44.9,70.64,56.99,32.83,4,Yes,1,3,87.57,0,No,Placed
378,7.4,72.49,62.52,71.48,60.18,66.84,91.99,3,Yes,6,4,99.44,0,Yes,Placed
379,9.61,54.8,58.37,54.78,90.47,73.94,62.8,3,No,0,1,72.04,2,No,Placed
380,6.31,65.33,57.97,79.52,51.57,63.95,,2,No,0,0,94.22,2,Yes,Not Placed
381,6.28,86.58,100.0,79.91,81.08,67.53,69.96,3,Yes,1,0,82.43,2,No,Placed
382,6.54,94.39,99.47,85.61,30.75,44.82,50.79,1,No,0,1,68.64,0,Yes,Placed
383,4.86,60.19,60.87,52.21,31.18,50.35,47.34,2,No,0,1,70.68,1,Yes,Not Placed
384,6.62,67.89,74.32,72.13,51.08,56.82,51.9,5,No,0,1,82.16,0,No,Placed
385,6.36,74.68,81.06,74.49,57.51,64.02,56.98,1,Yes,3,1,77.96,0,Yes,Not Placed
386,7.37,78.36,,57.89,77.94,76.68,76.6,3,No,0,3,68.87,0,No,Placed
387,7.58,65.28,57.23,53.42,60.24,69.9,55.68,2,No,0,1,65.06,0,No,Placed
388,9.26,80.09,77.71,89.14,52.78,47.13,100.0,0,Yes,6,1,73.53,0,No,Placed
389,8.25,69.31,74.28,68.41,78.6,81.39,88.49,3,Yes,2,2,83.94,3,Yes,Placed
390,6.57,74.83,73.46,74.54,63.85,64.37,84.55,1,Yes,2,0,81.94,0,Yes,Placed
391,6.21,81.56,65.78,52.67,20.57,31.86,67.85,2,Yes,3,0,76.99,3,No,Not Placed
392,7.74,75.08,66.15,46.71,61.87,67.92,97.26,0,Yes,6,0,84.02,0,No,Placed
393,5.75,69.76,67.2,56.46,22.13,20.49,66.08,4,No,0,0,92.4,0,Yes,Not Placed
394,9.21,73.68,70.71,63.14,63.75,53.44,69.44,1,No,0,1,85.94,0,Yes,Placed
395,8.5,73.94,87.33,49.04,54.44,33.46,,1,Yes,3,1,80.79,1,Yes,Placed
396,6.68,70.56,57.42,64.85,65.61,59.89,82.63,1,No,0,1,91.28,0,No,Placed
397,5.32,71.89,73.75,39.67,44.28,56.2,81.46,4,No,0,4,72.4,2,Yes,Not Placed
398,8.69,94.18,100.0,48.2,50.23,48.42,61.45,3,No,0,0,79.75,0,Yes,Placed
399,7.07,81.73,96.73,75.06,69.79,57.97,60.41,3,No,0,1,79.99,3,No,Not Placed
400,8.56,71.45,66.07,74.06,46.99,50.25,81.52,2,Yes,1,0,69.63,0,Yes,Placed
401,5.45,83.36,83.96,59.12,48.52,36.82,82.87,2,No,0,1,77.8,2,No,Not Placed
402,6.54,70.99,73.45,49.73,40.12,31.75,62.92,1,No,0,1,61.25,0,Yes,Not Placed
403,7.21,89.08,86.73,49.59,52.16,55.28,41.43,2,No,0,3,100.0,2,Yes,Not Placed
404,7.25,79.44,75.7,59.4,65.58,51.99,66.27,1,No,0,1,72.63,1,Yes,Not Placed
405,6.7,73.71,74.83,74.67,61.46,76.55,81.22,5,Yes,6,0,97.86,0,Yes,Placed
406,7.89,80.37,57.08,78.92,83.14,81.16,100.0,3,Yes,3,1,82.38,3,Yes,Placed
407,6.03,56.15,60.99,57.55,46.97,51.0,48.44,2,No,0,0,87.65,0,Yes,Not Placed
408,7.04,61.48,61.34,47.7,60.94,54.19,62.32,1,No,0,0,77.11,0,Yes,Not Placed
409,7.33,60.67,57.83,69.02,52.09,64.9,62.99,3,No,0,1,84.08,2,No,Not Placed
410,7.77,76.72,90.42,52.65,64.86,69.03,94.4,1,Yes,2,0,88.5,0,Yes,Placed
411,7.98,95.79,85.81,57.23,70.45,69.84,69.37,1,No,0,1,88.65,0,No,Not Placed
412,5.96,100.0,91.78,84.88,46.23,63.47,53.67,1,No,0,1,89.75,0,No,Not Placed
413,5.51,82.66,95.32,77.41,17.04,33.03,80.06,2,No,0,1,78.32,2,Yes,Not Placed
414,8.61,81.01,71.25,67.37,73.82,77.3,62.72,3,Yes,2,0,77.2,0,Yes,Placed
415,7.57,53.39,48.65,45.92,65.99,56.59,47.96,2,Yes,6,4,66.06,0,Yes,Placed
416,6.38,68.49,65.46,68.17,40.81,49.04,53.93,0,No,0,1,87.23,1,Yes,Not Placed
417,8.91,65.55,70.72,80.94,51.98,57.92,100.0,2,No,0,2,92.82,2,Yes,Placed
418,7.33,67.55,67.46,59.37,80.76,69.77,76.92,3,No,0,1,98.16,3,Yes,Placed
419,8.5,72.98,60.34,85.27,75.35,71.43,71.94,1,No,0,1,85.05,1,No,Placed
420,7.27,69.33,63.14,84.39,54.76,68.32,65.5,1,No,0,1,74.34,1,No,Placed
421,9.47,51.25,46.26,89.96,58.68,81.17,75.26,4,Yes,3,1,65.03,0,Yes,Placed
422,9.13,83.97,79.96,69.58,60.72,75.09,75.04,5,Yes,3,0,92.42,0,Yes,Placed
423,6.93,62.13,64.32,73.81,74.95,62.04,75.26,5,Yes,2,1,64.04,1,No,Placed
424,8.27,77.87,78.43,86.21,68.21,86.51,72.07,3,Yes,3,2,78.59,4,Yes,Placed
425,7.91,99.89,80.69,71.71,55.02,56.85,85.64,1,No,0,1,79.76,1,No,Placed
426,8.71,63.97,71.08,57.48,77.29,77.35,70.42,1,No,0,0,81.31,0,No,Placed
427,6.14,45.0,47.52,58.27,36.89,34.24,52.4,2,Yes,6,1,82.36,0,No,Not Placed
428,7.95,71.57,80.49,68.58,86.15,82.3,,2,No,0,2,83.38,0,Yes,Placed
429,8.36,88.21,87.94,45.64,87.21,77.87,34.38,5,No,0,2,57.85,1,No,Placed
430,5.27,98.5,100.0,62.85,35.12,28.6,100.0,3,No,0,0,82.15,1,No,Not Placed
431,5.9,60.25,62.95,81.45,37.76,56.95,85.53,3,Yes,2,2,59.7,0,No,Not Placed
432,4.96,80.96,88.63,32.13,10.0,30.1,55.06,1,No,0,1,89.32,0,Yes,Not Placed
433,6.9,69.42,71.65,88.02,33.01,47.76,64.93,4,Yes,3,1,76.45,3,Yes,Not Placed
434,7.99,73.73,70.57,81.84,43.82,68.83,58.54,3,No,0,1,60.43,1,No,Not Placed
435,8.85,100.0,100.0,58.1,72.85,66.53,97.77,1,No,0,2,73.86,0,No,Placed
436,7.28,56.96,63.38,73.15,53.36,67.79,44.44,4,Yes,1,3,76.3,0,Yes,Placed
437,8.99,78.04,79.83,65.05,51.75,33.55,72.06,1,No,0,3,93.91,3,Yes,Not Placed
438,5.68,80.61,67.34,83.45,41.24,78.09,68.05,0,No,0,0,83.97,2,Yes,Not Placed
439,5.33,88.03,73.92,,50.19,74.01,84.88,3,No,0,3,85.44,0,No,Placed
440,7.14,76.18,75.9,44.0,65.03,55.87,68.13,3,No,0,0,93.81,0,No,Not Placed
441,7.62,78.7,76.99,73.81,32.48,25.16,38.35,0,Yes,6,0,81.04,0,Yes,Not Placed
442,7.16,70.3,63.36,61.92,55.39,60.23,65.48,2,Yes,3,1,89.54,0,Yes,Placed
443,4.93,78.23,76.53,66.24,18.66,18.49,52.5,5,No,0,1,88.84,0,Yes,Not Placed
444,7.1,70.88,81.5,54.08,70.34,69.91,71.43,3,Yes,2,1,69.14,0,Yes,Placed
445,5.77,82.46,84.78,91.22,57.88,72.0,95.82,3,No,0,1,96.73,0,Yes,Placed
446,7.94,70.56,59.38,80.6,50.02,49.78,38.69,1,Yes,6,3,67.8,1,Yes,Not Placed
447,7.6,79.53,75.68,53.9,49.34,61.92,55.6,0,Yes,2,0,91.17,0,Yes,Not Placed
448,6.17,74.65,65.74,44.98,42.41,51.24,60.05,1,No,0,0,66.83,0,No,Not Placed
449,6.63,88.51,81.56,59.21,19.29,41.02,63.13,1,Yes,3,3,88.01,0,No,Not Placed
450,6.03,74.38,68.64,71.52,53.32,58.87,83.32,1,No,0,0,100.0,0,No,Not Placed
451,7.13,53.72,49.53,68.6,52.96,43.49,66.88,1,No,0,1,79.87,0,Yes,Not Placed
452,8.25,90.14,76.09,83.8,80.56,91.31,77.48,2,No,0,1,79.44,0,No,Placed
453,6.12,64.13,61.7,76.85,32.45,43.07,58.74,2,No,0,1,88.1,2,No,Not Placed
454,7.75,67.15,60.95,79.54,52.75,46.89,74.14,3,Yes,6,1,78.71,1,Yes,Placed
455,6.62,67.85,45.0,69.9,30.34,55.73,84.0,1,No,0,0,100.0,2,Yes,Not Placed
456,6.33,91.49,100.0,44.16,35.56,59.13,56.82,2,No,0,2,83.92,1,No,Not Placed
457,7.08,49.37,58.14,62.06,38.93,45.46,84.06,0,No,0,0,78.8,1,No,Not Placed
458,6.06,100.0,91.99,80.9,63.43,90.26,70.94,2,No,0,1,76.6,0,Yes,Placed
459,6.59,87.67,84.06,64.23,42.25,49.76,88.82,0,No,0,0,72.67,4,Yes,Not Placed
460,5.88,77.68,65.54,72.55,48.92,52.2,66.37,5,No,0,1,75.72,0,No,Placed
461,9.36,74.34,85.47,60.22,69.18,60.19,76.86,3,No,0,1,78.49,0,No,Placed
462,7.24,78.43,90.76,49.55,38.87,58.44,69.27,2,Yes,3,3,77.12,0,No,Placed
463,6.43,81.25,79.38,63.15,48.92,45.39,68.27,0,Yes,2,2,75.42,4,Yes,Not Placed
464,7.44,82.74,87.66,69.64,68.47,76.17,74.66,2,No,0,1,100.0,4,Yes,Placed
465,7.08,81.67,79.9,55.16,38.5,37.9,79.66,3,Yes,6,3,71.7,1,Yes,Placed
466,6.96,76.07,62.77,61.46,67.79,61.29,47.51,1,Yes,3,1,83.47,0,No,Placed
467,7.88,72.63,67.07,50.91,50.26,60.76,95.81,2,Yes,3,1,87.93,0,No,Placed
468,8.03,73.18,71.92,81.79,57.02,60.65,36.53,3,No,0,1,88.3,4,No,Not Placed
469,6.62,72.66,66.76,60.58,60.89,56.75,57.67,3,Yes,3,1,81.41,1,Yes,Not Placed
470,6.57,88.61,83.0,86.79,42.58,67.17,68.3,3,No,0,2,79.59,3,No,Not Placed
471,6.9,82.12,78.18,87.93,55.74,81.37,77.42,4,Yes,3,0,86.52,0,No,Placed
472,4.67,45.0,45.0,63.78,32.62,48.42,98.37,4,No,0,1,84.67,0,No,Placed
473,5.53,82.87,80.0,49.87,46.21,40.76,36.55,2,No,0,2,79.41,2,No,Not Placed
474,8.7,77.34,66.12,33.71,33.92,28.75,60.86,2,No,0,3,66.38,0,No,Not Placed
475,9.01,74.78,66.56,42.92,44.63,44.92,31.72,3,Yes,3,2,77.32,3,No,Not Placed
476,6.93,70.34,58.03,44.39,64.65,61.78,70.57,3,No,0,1,70.53,0,Yes,Placed
477,7.83,88.49,92.46,85.68,78.23,70.59,74.89,5,No,0,1,75.33,3,No,Placed
478,7.54,86.37,65.89,,46.68,59.93,98.63,0,No,0,1,82.33,0,Yes,Not Placed
479,10.0,65.73,73.38,70.84,76.34,75.55,72.17,2,No,0,1,85.59,1,No,Placed
480,8.43,79.88,87.99,31.69,71.87,42.66,88.79,1,No,0,3,99.8,0,No,Placed
481,7.06,63.34,59.59,47.03,66.87,51.63,80.51,1,No,0,3,76.63,0,Yes,Placed
482,6.15,58.44,45.0,78.31,18.78,31.59,62.17,1,No,0,2,89.75,0,No,Not Placed
483,5.43,67.48,62.84,69.3,30.17,41.18,44.64,3,No,0,0,85.06,4,No,Not Placed
484,7.42,85.35,81.3,62.79,54.4,75.81,74.95,0,No,0,2,94.96,1,No,Not Placed
485,6.37,86.44,74.71,73.47,61.49,67.47,43.14,3,No,0,3,87.76,0,No,Placed
486,5.64,81.16,73.92,89.54,82.56,76.25,93.31,3,No,0,1,71.92,3,No,Not Placed
487,6.49,83.7,92.57,61.68,48.49,54.65,67.08,1,Yes,1,1,64.77,0,No,Not Placed
488,6.01,81.19,83.39,66.04,26.98,35.18,91.51,1,No,0,2,85.11,0,Yes,Not Placed
489,9.06,67.3,58.18,67.89,78.48,78.55,61.36,2,No,0,1,76.72,0,Yes,Placed
490,8.17,80.18,64.38,100.0,85.17,95.43,74.84,3,No,0,4,72.2,2,Yes,Placed
491,7.19,84.6,78.53,33.51,59.15,63.55,73.77,4,Yes,1,1,69.32,0,No,Placed
492,8.83,84.05,78.94,75.25,57.02,62.25,69.19,4,No,0,2,83.61,0,Yes,Placed
493,7.29,89.27,89.31,63.28,72.65,86.23,62.21,5,No,0,2,97.08,3,No,Placed
494,6.25,83.5,75.87,73.5,59.97,73.11,77.06,2,Yes,3,1,77.91,2,Yes,Placed
495,8.88,79.22,80.39,55.14,55.61,48.4,53.33,4,No,0,2,87.9,0,No,Placed
496,7.79,87.84,99.54,64.27,68.06,89.02,48.23,3,Yes,3,1,80.98,1,Yes,Placed
497,6.06,74.68,78.74,75.67,63.43,70.37,92.37,4,No,0,1,69.11,3,No,Placed
498,6.99,64.42,62.59,100.0,73.65,73.21,83.09,0,No,0,0,89.35,0,No,Placed
499,6.24,73.04,69.27,77.12,48.9,73.89,71.19,5,Yes,1,1,71.05,2,No,Placed
500,5.68,66.06,61.6,52.28,40.06,64.5,99.97,2,Yes,3,2,82.22,0,No,Not Placed
501,8.22,66.9,74.65,58.64,84.16,76.17,65.18,3,No,0,3,78.58,1,No,Placed
502,9.3,73.27,65.92,58.2,56.25,51.8,93.81,1,Yes,3,0,90.93,0,No,Placed
503,5.66,65.49,64.3,38.07,51.87,46.01,73.16,2,No,0,1,71.42,1,No,Not Placed
504,7.82,71.3,69.58,60.05,42.0,54.56,51.55,1,No,0,0,85.91,0,Yes,Placed
505,6.48,52.28,48.03,75.99,67.85,83.07,100.0,1,No,0,1,73.6,1,No,Placed
506,6.66,77.56,63.82,45.89,49.44,54.08,87.83,1,Yes,6,3,76.89,0,No,Placed
507,6.55,75.01,75.1,80.73,71.42,75.23,67.82,3,No,0,1,45.65,0,Yes,Placed
508,6.25,65.19,63.19,72.32,57.37,76.83,83.09,0,No,0,1,100.0,0,No,Placed
509,7.25,82.91,83.62,53.99,39.68,40.84,62.73,2,Yes,2,1,87.51,2,No,Not Placed
510,6.29,86.25,78.36,62.88,71.66,79.33,84.92,1,Yes,6,0,74.33,0,No,Placed
511,7.5,55.71,64.9,88.97,83.25,82.09,26.96,2,Yes,2,2,70.75,0,No,Placed
512,7.14,65.85,57.25,76.0,70.39,76.39,,1,No,0,1,77.04,0,Yes,Not Placed
513,6.94,65.77,77.89,65.13,44.07,49.26,87.63,1,Yes,3,1,89.17,1,Yes,Not Placed
514,6.2,63.72,48.37,61.43,45.02,49.39,65.51,2,Yes,1,2,63.08,0,Yes,Not Placed
515,6.57,84.95,84.94,66.15,54.71,54.36,73.74,3,No,0,2,80.58,1,Yes,Placed
516,8.03,72.67,74.21,,53.69,68.23,45.76,1,No,0,2,99.71,0,No,Not Placed
517,7.75,71.83,63.28,33.43,87.39,63.87,100.0,1,No,0,3,70.66,0,Yes,Placed
518,6.12,50.95,54.25,95.63,51.16,57.1,91.43,1,No,0,4,82.8,0,No,Placed
519,7.31,82.63,89.6,67.33,17.92,53.96,66.39,5,Yes,3,1,100.0,3,No,Not Placed
520,8.03,60.13,45.0,70.97,69.3,79.58,62.72,2,No,0,0,88.32,0,No,Placed
521,5.36,75.72,77.17,64.13,37.69,21.77,88.53,2,Yes,2,1,83.26,0,Yes,Not Placed
522,7.8,78.33,55.55,53.97,61.26,53.42,100.0,1,No,0,2,87.07,0,Yes,Placed
523,6.47,91.33,79.47,62.21,46.24,32.91,87.17,2,No,0,0,77.99,0,Yes,Not Placed
524,7.83,59.29,71.4,41.01,74.73,55.1,100.0,0,Yes,2,0,95.0,0,Yes,Placed
525,6.36,45.0,45.0,99.16,67.68,45.74,53.4,0,No,0,0,78.01,2,No,Not Placed
526,5.21,77.21,65.09,46.48,45.96,44.75,55.25,2,No,0,2,62.41,0,No,Not Placed
527,5.41,96.61,90.36,49.52,38.19,30.17,48.6,2,Yes,6,1,78.09,0,Yes,Not Placed
528,7.25,89.87,100.0,58.4,57.4,58.3,77.95,1,No,0,1,72.33,0,No,Not Placed
529,7.49,77.52,60.11,84.32,60.18,51.17,73.16,3,No,0,0,79.19,0,Yes,Placed
530,6.21,69.1,58.78,65.22,37.61,46.72,67.26,5,No,0,2,79.41,1,No,Not Placed
531,7.9,84.69,93.2,46.46,71.9,60.12,84.57,2,No,0,1,93.97,0,Yes,Placed
532,5.37,63.32,76.85,83.82,49.88,75.08,92.18,2,No,0,0,88.95,3,No,Placed
533,7.13,80.72,76.82,75.97,80.13,92.99,42.54,5,Yes,6,1,84.63,0,Yes,Placed
534,5.87,81.07,68.05,73.08,65.77,75.82,59.25,3,Yes,6,1,81.97,1,Yes,Placed
535,6.48,87.72,100.0,75.74,41.58,48.56,84.76,2,No,0,1,71.41,0,Yes,Placed
536,7.25,100.0,100.0,100.0,70.32,99.08,61.58,3,Yes,1,1,60.19,0,Yes,Placed
537,6.25,79.71,82.17,97.78,35.76,38.84,55.63,1,No,0,0,83.13,2,No,Not Placed
538,6.78,68.89,60.5,54.7,64.65,47.63,88.33,2,Yes,2,2,89.95,2,Yes,Not Placed
539,8.31,74.69,71.83,89.36,58.71,67.06,46.79,1,Yes,2,0,80.92,0,No,Placed
540,6.57,53.77,,70.75,37.17,69.79,64.57,1,Yes,1,0,76.65,0,No,Not Placed
541,8.12,66.66,67.64,72.49,69.15,68.13,75.92,2,No,0,2,86.65,0,No,Placed
542,5.96,70.09,79.69,39.62,10.0,17.05,59.67,1,No,0,2,81.17,1,No,Not Placed
543,7.78,68.71,73.88,62.44,36.0,29.51,84.1,3,Yes,2,0,98.86,0,Yes,Placed
544,8.79,76.83,65.53,52.81,67.62,72.64,59.76,2,No,0,0,94.33,2,No,Not Placed
545,4.48,65.13,74.63,77.42,37.09,58.72,95.36,2,Yes,2,2,91.6,0,No,Not Placed
546,6.32,88.45,87.11,81.07,45.05,63.74,67.74,1,No,0,2,89.58,0,No,Placed
547,7.83,75.0,78.0,33.88,38.99,31.16,82.08,1,Yes,1,1,69.1,0,No,Not Placed
548,6.98,74.89,84.13,64.67,43.54,42.82,83.43,2,No,0,1,88.63,0,No,Not Placed
549,7.61,71.07,60.07,,66.73,58.33,58.7,5,No,0,0,85.76,0,Yes,Placed
550,6.54,76.86,73.89,62.2,61.01,62.21,33.04,0,No,0,1,88.06,0,No,Not Placed
551,7.3,84.9,77.16,75.94,58.12,52.66,,1,Yes,3,0,86.93,1,No,Not Placed
552,7.03,64.59,50.59,70.27,73.58,60.81,71.3,4,No,0,1,86.53,0,Yes,Placed
553,8.48,67.1,68.17,70.12,73.84,68.49,80.0,0,No,0,0,100.0,1,No,Placed
554,7.48,71.36,89.31,60.93,48.63,47.43,65.92,4,No,0,1,81.24,0,Yes,Placed
555,7.57,58.85,,46.75,56.36,48.1,62.25,2,Yes,3,1,91.36,4,Yes,Not Placed
556,6.75,65.17,63.39,48.18,32.93,42.17,100.0,2,Yes,3,1,77.29,4,No,Not Placed
557,6.66,69.29,72.48,75.64,51.69,59.66,43.5,2,No,0,0,89.91,2,No,Placed
558,6.72,85.49,82.93,,70.47,66.04,83.21,1,Yes,1,1,91.39,1,No,Placed
559,7.63,78.15,74.43,62.92,71.35,70.65,59.66,2,Yes,2,2,85.64,0,No,Placed
560,6.74,77.32,64.2,58.64,74.93,60.13,63.96,4,Yes,1,1,98.69,1,Yes,Not Placed
561,7.52,85.21,83.55,60.42,55.61,58.1,64.29,3,No,0,2,73.16,4,No,Not Placed
562,9.48,73.35,64.96,80.7,96.06,92.96,55.54,3,Yes,2,1,77.13,0,Yes,Placed
563,8.16,79.69,59.2,59.97,62.37,46.62,80.28,3,No,0,1,84.12,0,Yes,Placed
564,6.84,73.76,80.94,44.88,76.8,77.19,95.03,1,No,0,1,90.81,0,Yes,Placed
565,8.52,78.18,83.03,76.15,67.84,61.52,78.46,2,Yes,6,3,83.79,0,No,Placed
566,6.75,68.01,66.62,61.93,64.62,64.71,71.86,2,No,0,0,94.86,0,Yes,Placed
567,4.96,45.73,47.99,65.47,61.79,74.54,52.24,3,Yes,1,0,75.38,0,No,Placed
568,6.09,73.39,79.64,89.11,45.83,68.07,79.3,2,No,0,1,70.59,0,No,Not Placed
569,5.14,92.07,89.66,64.69,44.41,50.84,100.0,2,No,0,3,85.08,4,Yes,Not Placed
570,6.81,86.11,89.74,69.34,73.84,68.86,63.15,4,No,0,4,81.23,0,No,Placed
571,7.22,86.58,80.55,47.32,55.77,62.71,63.23,2,Yes,1,1,87.43,2,Yes,Not Placed
572,9.04,89.83,96.35,61.7,52.54,62.04,59.9,0,No,0,1,81.73,0,Yes,Placed
573,7.56,76.06,76.02,74.14,92.62,80.89,61.19,2,No,0,1,78.6,0,No,Placed
574,6.96,77.37,76.18,41.67,48.63,38.59,20.58,2,No,0,1,81.25,0,Yes,Not Placed
575,8.11,67.59,55.67,68.01,67.28,46.78,77.29,3,No,0,1,82.29,0,No,Placed
576,4.77,71.21,71.38,66.51,55.48,60.33,54.78,5,Yes,6,2,78.95,0,No,Placed
577,7.46,82.39,72.49,65.62,50.55,54.24,41.02,2,No,0,2,79.97,0,No,Not Placed
578,8.05,89.45,80.4,80.56,49.27,70.02,83.56,2,Yes,3,1,77.96,0,No,Placed
579,5.57,73.33,64.47,70.02,48.39,58.47,50.52,3,Yes,1,1,90.57,0,Yes,Not Placed
580,8.46,69.6,59.11,87.17,40.77,68.03,63.9,1,No,0,1,83.94,0,Yes,Placed
581,7.57,75.01,89.5,50.1,56.26,47.44,96.4,1,No,0,1,100.0,0,Yes,Placed
582,6.74,82.21,89.64,67.04,57.62,71.83,44.63,4,No,0,1,83.61,0,Yes,Placed
583,7.9,57.67,72.27,66.27,59.12,55.97,42.41,3,Yes,6,0,76.49,0,Yes,Placed
584,9.7,47.45,45.0,48.96,54.43,60.57,74.85,0,Yes,6,0,100.0,0,No,Placed
585,7.4,68.39,67.12,79.34,83.11,67.39,90.69,1,No,0,1,86.14,0,Yes,Placed
586,7.47,60.35,48.97,99.87,61.34,75.25,41.66,3,No,0,2,91.9,0,No,Placed
587,6.69,68.9,61.45,64.74,75.02,52.09,77.34,3,Yes,3,0,87.92,0,Yes,Placed
588,6.27,73.23,,72.58,46.22,51.46,80.46,3,No,0,1,88.23,0,Yes,Not Placed
589,8.11,69.56,77.52,66.27,51.71,60.48,32.94,1,Yes,1,1,87.36,0,Yes,Placed
590,6.26,92.43,85.02,54.3,54.1,48.95,84.37,4,No,0,0,70.98,1,No,Not Placed
591,7.28,78.92,84.58,37.69,54.99,39.3,85.78,2,No,0,3,85.68,0,Yes,Placed
592,6.67,78.61,80.58,54.41,35.73,49.8,64.39,3,No,0,2,68.75,0,Yes,Not Placed
593,7.73,82.47,97.65,44.12,83.86,70.9,92.54,2,Yes,3,0,80.26,3,No,Placed
594,7.57,61.33,48.37,90.56,51.2,58.11,90.46,1,No,0,2,74.74,1,No,Placed
595,8.34,87.47,93.8,63.27,39.13,46.79,71.86,5,No,0,1,85.57,0,Yes,Placed
596,6.64,74.09,80.85,59.81,73.03,95.43,61.87,1,No,0,4,85.34,3,No,Placed
597,6.9,83.05,71.95,78.34,47.66,68.4,52.49,1,No,0,1,86.81,0,No,Not Placed
598,6.12,62.14,68.98,48.17,39.87,53.99,69.32,3,Yes,2,0,84.87,0,No,Placed
599,6.71,56.35,58.41,53.5,27.21,39.45,80.26,2,No,0,1,75.93,4,Yes,Not Placed
600,7.62,84.81,79.51,66.02,87.03,82.4,64.16,3,Yes,3,2,79.39,2,Yes,Placed
601,8.03,79.52,69.97,80.43,44.92,31.61,30.44,2,No,0,0,91.2,0,Yes,Not Placed
602,6.19,64.18,57.0,72.53,50.36,50.22,92.84,2,Yes,2,2,92.68,1,No,Not Placed
603,8.16,64.56,79.51,68.72,78.94,71.07,,4,No,0,0,70.53,1,Yes,Placed
604,8.69,88.51,84.66,66.17,75.86,54.2,63.17,0,Yes,1,3,66.69,0,No,Placed
605,7.65,60.73,65.91,71.0,60.34,51.97,85.43,4,Yes,1,0,74.73,0,Yes,Placed
606,9.26,94.71,83.91,68.02,48.59,34.61,97.44,1,Yes,3,3,92.45,0,Yes,Placed
607,6.35,64.19,56.53,49.55,38.64,41.53,20.0,3,No,0,1,94.15,3,Yes,Not Placed
608,5.83,82.66,88.05,65.69,49.46,62.52,77.82,1,No,0,1,72.75,0,Yes,Not Placed
609,5.24,71.06,58.15,48.89,30.14,46.83,44.32,2,No,0,3,85.07,1,No,Not Placed
610,8.85,82.24,75.69,66.22,73.82,75.68,78.98,4,Yes,2,4,100.0,0,No,Placed
611,7.92,68.47,66.9,57.79,73.58,59.21,72.3,2,No,0,1,86.15,0,No,Placed
612,7.14,73.05,71.63,100.0,71.55,60.76,81.44,3,No,0,0,96.22,0,No,Placed
613,7.51,75.49,71.51,64.4,41.67,30.92,61.01,3,Yes,2,1,91.99,1,No,Not Placed
614,5.96,62.97,64.84,43.94,80.65,56.94,36.28,3,No,0,1,72.9,0,No,Placed
615,9.89,83.89,86.04,62.99,90.63,73.45,61.89,4,No,0,1,80.1,0,Yes,Placed
616,7.34,68.84,72.83,72.79,58.71,61.34,77.32,2,Yes,1,1,82.35,0,No,Not Placed
617,7.32,72.26,62.14,90.1,74.91,69.32,88.28,1,Yes,1,0,83.04,0,No,Placed
618,8.0,63.07,59.49,56.16,99.47,89.86,48.91,0,No,0,2,91.16,0,No,Placed
619,7.73,45.0,55.06,41.26,40.25,38.23,88.49,1,Yes,6,2,86.09,1,No,Placed
620,7.45,72.71,77.59,77.25,56.19,62.62,58.34,1,No,0,0,52.64,0,No,Not Placed
621,6.33,100.0,84.02,44.29,14.97,35.17,76.52,2,No,0,1,68.87,0,No,Not Placed
622,7.72,84.42,83.79,58.46,64.64,50.98,60.82,1,No,0,1,60.13,0,Yes,Placed
623,9.27,74.77,56.47,61.14,79.64,78.28,73.28,0,No,0,1,83.75,3,Yes,Placed
624,8.68,71.85,70.04,63.96,68.85,67.24,86.05,0,Yes,6,0,84.4,0,No,Placed
625,8.95,75.27,87.92,75.34,61.8,62.53,47.91,3,No,0,1,84.83,0,No,Placed
626,6.64,81.57,70.83,54.75,22.36,40.93,57.76,2,Yes,6,0,72.41,0,Yes,Not Placed
627,6.11,60.83,53.07,60.89,54.49,65.2,73.33,2,No,0,1,88.74,0,Yes,Placed
628,7.06,88.37,90.65,64.79,78.32,64.8,100.0,4,No,0,2,89.16,0,Yes,Placed
629,7.26,83.58,67.88,67.24,49.23,52.81,,0,No,0,2,69.45,0,No,Not Placed
630,8.4,83.62,75.19,66.47,73.83,74.43,100.0,5,No,0,0,67.34,2,Yes,Placed
631,5.34,80.26,82.01,71.54,19.18,32.16,100.0,2,No,0,1,82.0,0,No,Not Placed
632,8.88,75.24,67.64,77.66,77.92,83.69,68.25,1,Yes,1,3,99.92,0,Yes,Placed
633,7.03,83.07,77.88,70.89,50.31,59.29,64.63,3,No,0,0,99.0,0,Yes,Not Placed
634,6.73,82.1,84.85,71.8,42.41,69.55,57.54,3,Yes,1,2,87.63,0,No,Placed
635,6.09,70.75,72.05,41.27,37.29,23.18,68.77,2,No,0,2,74.7,0,Yes,Not Placed
636,5.38,68.12,68.44,65.75,37.13,44.49,44.68,4,Yes,3,2,90.87,1,Yes,Not Placed
637,8.11,76.22,70.89,72.19,70.58,61.98,68.63,1,No,0,0,77.48,2,Yes,Placed
638,7.28,93.59,,75.93,38.56,55.82,96.94,1,Yes,3,0,74.32,2,Yes,Placed
639,5.78,60.13,58.13,54.61,40.29,28.42,59.0,0,No,0,3,60.56,0,No,Not Placed
640,5.78,57.39,60.31,55.11,45.58,51.9,65.67,1,No,0,1,83.02,1,Yes,Not Placed
641,6.83,76.98,70.3,56.39,38.16,37.33,39.38,1,No,0,0,75.7,0,No,Not Placed
642,9.04,75.61,71.59,73.05,99.24,84.04,76.73,4,Yes,2,1,82.96,1,Yes,Placed
643,6.91,77.08,,80.51,42.51,39.45,74.76,0,No,0,0,59.01,3,No,Not Placed
644,5.55,77.93,74.85,58.89,34.33,37.05,71.15,2,Yes,1,2,83.7,0,No,Not Placed
645,6.93,72.32,63.6,78.62,40.76,62.96,66.1,2,No,0,1,57.69,0,No,Not Placed
646,6.9,92.88,79.68,66.85,82.18,77.33,64.73,4,Yes,6,2,92.88,0,No,Placed
647,4.23,55.79,57.28,63.14,42.16,54.73,79.03,5,No,0,2,87.22,1,Yes,Placed
648,7.14,65.06,65.25,61.83,43.07,65.35,69.48,3,Yes,2,0,79.21,0,Yes,Placed
649,6.95,73.76,77.65,76.2,72.16,76.01,75.67,5,No,0,1,87.63,4,No,Not Placed
650,7.97,55.28,51.3,69.88,66.74,62.09,73.87,3,No,0,2,72.22,0,Yes,Placed
651,9.23,72.89,73.87,99.14,77.73,88.82,90.22,5,Yes,3,1,82.72,0,Yes,Placed
652,8.44,94.94,94.85,52.22,62.35,53.86,82.19,3,No,0,3,89.95,0,Yes,Placed
653,6.9,75.25,76.28,72.77,43.99,47.58,73.47,0,No,0,2,51.06,1,Yes,Not Placed
654,5.98,77.77,68.39,57.06,52.93,38.97,97.33,2,Yes,2,0,77.53,0,No,Not Placed
655,10.0,59.88,60.09,51.96,71.82,75.13,77.56,2,No,0,2,81.77,0,Yes,Placed
656,7.27,67.6,68.76,64.84,85.37,75.35,93.49,2,No,0,0,80.04,0,Yes,Placed
657,7.22,70.5,68.51,67.06,38.68,49.02,80.92,1,Yes,3,0,96.57,0,No,Not Placed
658,7.17,71.19,52.38,100.0,80.43,75.94,36.85,2,No,0,2,70.76,1,Yes,Not Placed
659,7.42,90.38,87.63,62.24,57.67,63.4,,4,Yes,3,2,75.79,0,No,Placed
660,7.04,81.69,96.22,48.05,60.82,49.37,72.43,0,Yes,1,1,62.84,1,Yes,Not Placed
661,6.57,61.66,57.62,,65.05,64.85,69.06,3,No,0,0,97.1,4,No,Not Placed
662,6.6,77.96,69.34,33.88,43.33,49.28,75.06,3,No,0,1,79.54,0,Yes,Not Placed
663,7.16,80.98,80.87,,70.28,76.19,63.79,5,No,0,1,77.62,1,Yes,Placed
664,6.6,88.68,87.31,65.24,12.2,27.9,74.09,4,No,0,1,81.48,3,Yes,Not Placed
665,6.42,93.97,99.11,76.92,40.53,33.76,59.35,3,No,0,0,88.36,1,Yes,Not Placed
666,7.32,62.82,51.47,79.6,44.68,85.08,92.94,2,No,0,1,85.47,1,No,Placed
667,6.92,65.27,69.59,57.45,36.55,60.28,67.96,1,Yes,2,3,100.0,0,No,Placed
668,8.85,59.91,63.64,62.74,67.61,73.38,63.11,2,No,0,1,86.54,0,Yes,Placed
669,4.28,72.19,68.84,53.51,40.06,36.56,53.35,3,No,0,0,77.35,0,Yes,Not Placed
670,8.4,80.6,80.25,48.08,77.75,67.71,74.84,4,Yes,2,2,76.39,1,Yes,Placed
671,8.57,86.85,91.4,69.65,72.18,65.99,73.37,3,No,0,2,78.07,4,Yes,Placed
672,4.92,74.09,78.66,45.9,29.37,46.97,76.99,1,Yes,3,3,66.98,0,Yes,Not Placed
673,6.82,71.16,59.9,58.78,60.12,62.34,51.51,2,No,0,0,82.4,0,No,Placed
674,6.79,76.82,80.7,50.07,56.2,46.52,41.18,2,No,0,0,89.83,0,Yes,Not Placed
675,5.65,64.98,62.96,73.25,59.25,58.74,81.26,0,No,0,1,75.87,1,No,Not Placed
676,6.34,100.0,95.58,92.02,62.41,82.5,96.72,1,Yes,6,1,73.93,0,No,Placed
677,5.98,55.71,55.72,45.48,48.28,63.44,51.53,1,No,0,1,97.16,0,No,Not Placed
678,9.13,77.22,73.29,37.2,59.56,68.14,98.61,3,Yes,2,1,67.74,0,Yes,Placed
679,8.23,99.28,100.0,63.13,56.04,65.74,75.11,1,No,0,0,61.32,0,No,Placed
680,8.6,75.08,71.9,65.24,60.54,59.42,69.87,1,No,0,1,70.47,0,No,Placed
681,7.99,72.72,61.49,68.28,59.22,29.52,62.84,5,No,0,1,66.6,2,Yes,Not Placed
682,5.96,70.71,65.49,58.31,51.69,56.64,45.08,2,No,0,1,85.86,0,Yes,Placed
683,6.62,72.84,71.98,61.99,63.71,63.18,87.78,0,No,0,1,78.39,3,No,Not Placed
684,7.74,91.47,97.16,70.51,61.14,65.35,56.04,1,Yes,2,1,79.8,0,No,Placed
685,5.86,48.46,53.44,80.61,47.09,57.68,55.96,1,Yes,6,1,93.53,0,Yes,Not Placed
686,7.98,93.4,82.26,35.67,66.02,43.66,87.85,1,No,0,1,75.09,0,No,Not Placed
687,6.94,57.91,77.0,59.47,47.75,56.84,36.11,0,No,0,1,89.75,4,Yes,Not Placed
688,6.79,71.8,71.74,68.21,40.42,55.08,42.58,2,Yes,6,0,97.11,1,Yes,Placed
689,7.98,69.85,78.07,51.23,37.52,48.46,69.67,1,No,0,1,77.44,0,Yes,Not Placed
690,7.69,82.06,77.64,90.97,51.08,72.51,75.28,2,No,0,2,89.37,1,Yes,Placed
691,6.8,55.82,59.51,55.47,61.52,65.75,78.73,4,Yes,6,1,79.58,0,No,Placed
692,8.48,80.55,84.21,64.38,57.26,55.29,64.57,2,No,0,0,91.24,0,No,Placed
693,6.01,99.29,100.0,73.34,44.52,52.46,100.0,4,No,0,4,66.29,0,No,Placed
694,7.88,58.64,66.24,56.13,70.02,66.76,65.9,2,Yes,1,0,65.54,2,Yes,Not Placed
695,7.85,77.28,81.53,37.3,70.63,61.71,65.85,2,Yes,3,0,78.09,0,No,Placed
696,6.86,67.06,62.83,58.57,38.68,54.63,55.65,3,No,0,1,73.11,0,Yes,Not Placed
697,7.56,80.11,72.53,80.44,75.43,83.37,72.23,0,No,0,2,76.83,0,Yes,Placed
698,5.82,75.23,75.37,59.95,63.5,83.21,81.07,0,No,0,0,79.8,0,No,Placed
699,8.22,67.3,73.04,52.3,48.78,71.9,91.66,3,Yes,3,1,89.2,0,Yes,Placed
700,7.0,80.85,75.99,78.89,43.62,54.99,43.19,2,No,0,1,77.92,0,Yes,Placed
701,6.63,96.65,100.0,60.04,70.87,29.25,65.57,3,No,0,0,73.76,0,Yes,Not Placed
702,8.35,72.71,82.06,57.35,64.63,74.81,78.04,4,No,0,1,78.48,3,Yes,Placed
703,6.43,83.64,72.94,67.24,18.11,27.44,80.57,2,No,0,2,74.31,0,No,Not Placed
704,5.65,59.48,51.84,76.56,24.21,31.9,70.12,2,Yes,3,1,72.66,0,No,Not Placed
705,5.49,63.52,61.05,100.0,40.16,54.13,79.76,2,No,0,0,65.87,0,No,Placed
706,7.87,80.67,80.06,77.41,45.49,50.6,55.44,5,Yes,1,0,82.69,0,No,Placed
707,5.79,92.81,84.33,82.4,40.13,58.93,98.04,3,Yes,6,1,76.31,2,No,Not Placed
708,9.13,79.27,87.16,57.41,73.53,53.1,,4,No,0,2,91.66,0,No,Placed
709,4.91,71.24,72.51,49.61,61.21,46.96,45.79,1,No,0,1,67.53,2,Yes,Not Placed
710,9.07,74.99,72.81,65.93,68.17,70.93,50.65,3,No,0,1,76.58,1,No,Placed
711,7.43,60.0,47.51,66.61,75.55,79.09,51.16,1,No,0,0,100.0,1,Yes,Placed
712,7.09,82.25,68.5,48.82,78.18,75.79,82.2,1,Yes,3,1,72.6,0,No,Placed
713,6.6,85.59,84.28,62.37,74.32,62.86,46.87,4,Yes,3,0,79.63,0,Yes,Placed
714,7.64,69.57,50.56,70.99,65.38,57.28,64.04,0,Yes,3,2,69.84,0,No,Placed
715,7.16,69.36,75.52,70.41,27.82,35.53,78.18,5,No,0,1,68.52,2,No,Not Placed
716,8.41,78.19,74.11,72.56,74.22,76.12,68.81,1,No,0,2,97.47,0,No,Placed
717,7.33,69.76,93.73,69.36,74.33,87.7,74.66,3,Yes,2,2,83.71,0,No,Placed
718,7.37,74.21,90.25,57.39,57.71,37.14,50.82,1,No,0,2,83.34,0,Yes,Placed
719,6.8,100.0,93.55,57.29,80.57,71.38,80.71,2,Yes,2,0,65.04,1,No,Placed
720,7.14,72.04,68.98,47.02,70.0,49.78,58.96,1,No,0,0,85.59,1,Yes,Not Placed
721,7.54,70.7,76.59,91.77,68.83,59.19,64.16,2,No,0,3,93.57,0,Yes,Placed
722,5.32,67.23,79.13,65.2,58.85,70.42,74.28,2,Yes,6,2,93.49,0,Yes,Placed
723,5.72,83.93,67.43,61.63,50.74,59.45,71.86,3,No,0,2,88.68,0,Yes,Placed
724,8.02,72.83,56.25,51.07,26.75,38.54,70.43,0,No,0,0,70.71,0,Yes,Placed
725,7.39,67.21,60.51,100.0,51.62,75.34,56.49,0,No,0,1,85.13,1,No,Placed
726,7.0,90.86,91.43,48.9,73.94,61.63,64.61,0,No,0,2,88.68,2,No,Not Placed
727,7.22,92.04,91.81,58.57,45.65,45.2,70.04,2,Yes,2,0,64.06,0,Yes,Not Placed
728,7.58,67.79,,71.24,57.31,83.34,45.25,3,No,0,1,70.79,0,Yes,Placed
729,6.61,52.6,45.0,74.0,37.18,45.76,61.67,4,No,0,1,90.88,1,Yes,Not Placed
730,6.34,87.09,64.85,79.37,77.51,85.42,76.98,1,Yes,3,0,90.76,4,Yes,Placed
731,7.42,66.78,71.97,92.11,84.55,86.88,47.01,2,Yes,2,0,66.51,3,Yes,Placed
732,6.12,84.49,74.41,72.59,35.73,28.31,90.82,3,No,0,0,89.95,2,Yes,Not Placed
733,7.65,51.36,45.0,49.16,63.4,38.68,92.85,1,Yes,6,0,82.95,0,No,Placed
734,5.33,85.71,83.3,61.15,32.41,35.24,,2,No,0,1,89.81,1,No,Not Placed
735,8.33,60.47,65.76,69.62,75.88,84.56,94.44,2,No,0,0,75.65,2,Yes,Placed
736,7.72,83.77,79.42,96.02,69.4,85.27,67.42,1,No,0,0,88.45,1,Yes,Placed
737,7.48,75.17,68.99,44.03,72.03,72.77,77.53,0,No,0,2,90.44,0,No,Placed
738,8.28,63.55,60.92,83.04,71.23,64.9,61.06,1,Yes,1,1,78.49,4,No,Not Placed
739,9.03,70.12,65.14,67.7,100.0,100.0,86.61,2,Yes,3,1,82.18,0,Yes,Placed
740,8.32,83.24,69.13,77.57,51.11,49.4,77.31,0,No,0,2,75.51,0,Yes,Placed
741,5.18,76.27,67.93,63.47,15.74,32.19,55.35,1,No,0,3,98.52,0,Yes,Not Placed
742,5.79,82.01,82.98,52.36,40.44,43.92,49.03,2,No,0,0,80.8,0,Yes,Not Placed
743,6.51,98.72,96.42,76.26,28.58,41.15,43.71,0,No,0,1,72.78,0,Yes,Not Placed
744,7.23,56.23,56.95,74.82,35.44,60.64,73.38,1,Yes,3,1,74.84,0,Yes,Not Placed
745,7.77,94.41,82.0,79.58,47.14,49.82,80.3,4,Yes,2,1,83.27,1,Yes,Placed
746,6.4,76.25,72.18,64.8,37.38,32.11,81.72,0,No,0,2,89.53,1,Yes,Not Placed
747,7.41,64.21,45.38,56.0,44.92,48.45,67.88,3,No,0,3,68.64,1,No,Not Placed
748,6.37,59.04,59.56,41.62,58.73,49.6,49.17,2,Yes,6,3,100.0,0,Yes,Placed
749,6.53,72.73,81.89,77.29,44.63,88.2,57.72,3,Yes,2,0,85.09,1,No,Placed
750,5.65,86.06,70.66,71.36,42.53,57.94,90.74,2,Yes,6,0,86.66,0,Yes,Placed
751,6.18,73.47,66.44,50.51,62.89,55.08,61.28,1,Yes,2,3,81.03,0,Yes,Not Placed
752,5.71,93.13,91.45,56.92,34.21,30.46,72.58,3,No,0,1,82.19,0,No,Not Placed
753,6.13,57.59,66.85,58.0,45.04,30.13,50.64,2,No,0,0,80.52,2,No,Not Placed
754,8.36,74.85,68.78,42.76,72.36,53.23,76.06,3,No,0,2,92.18,0,Yes,Placed
755,6.16,59.97,53.44,52.73,20.12,31.06,61.76,2,No,0,0,81.92,0,No,Not Placed
756,10.0,79.36,60.68,47.99,44.23,59.63,,5,No,0,0,89.67,0,No,Placed
757,7.74,85.64,82.91,58.81,67.13,75.85,83.92,3,No,0,2,77.66,0,Yes,Placed
758,7.4,69.95,84.29,53.92,66.61,65.09,61.08,5,Yes,3,0,83.96,3,Yes,Placed
759,6.26,45.0,47.72,40.59,81.01,65.65,67.72,2,No,0,0,73.96,3,No,Not Placed
760,7.97,77.39,74.47,95.34,66.13,77.58,60.08,2,Yes,6,0,94.17,0,Yes,Placed
761,6.57,80.24,79.79,,64.83,65.33,44.45,3,Yes,1,1,73.66,0,Yes,Placed
762,7.33,79.85,76.78,53.31,55.74,72.2,54.57,4,Yes,1,0,78.75,0,Yes,Placed
763,10.0,89.83,79.34,69.09,84.46,77.95,73.57,5,No,0,1,78.85,1,No,Placed
764,7.09,62.15,67.52,71.26,81.76,77.75,75.85,2,Yes,1,1,78.46,0,No,Placed
765,8.46,83.16,81.65,82.87,35.85,27.8,72.67,3,Yes,3,2,89.22,0,No,Placed
766,6.43,89.31,85.52,52.72,57.62,54.19,64.57,1,No,0,0,78.83,0,No,Not Placed
767,7.16,53.66,45.49,81.38,89.33,95.31,86.8,2,No,0,2,95.94,0,No,Placed
768,9.15,78.84,86.38,56.78,77.41,60.55,71.14,1,No,0,0,73.82,0,No,Placed
769,6.51,68.95,72.37,44.96,76.84,59.77,82.66,2,No,0,1,83.69,0,No,Not Placed
770,9.19,74.02,67.2,75.86,64.11,75.56,38.07,4,Yes,2,1,74.24,0,No,Placed
771,7.98,79.17,84.27,84.36,63.35,54.89,20.0,1,Yes,6,0,86.21,0,Yes,Placed
772,6.58,69.15,63.26,100.0,53.15,77.79,75.11,2,No,0,2,81.84,4,No,Not Placed
773,7.9,66.89,58.95,47.0,29.9,29.71,44.35,2,No,0,0,80.45,0,No,Not Placed
774,8.27,75.41,66.79,75.48,48.64,52.8,66.18,1,No,0,0,93.88,0,No,Placed
775,7.88,61.95,46.59,58.85,46.62,39.05,64.56,2,No,0,1,75.46,3,No,Not Placed
776,5.47,61.97,,76.75,56.11,66.08,98.57,2,No,0,1,87.87,2,No,Placed
777,6.4,83.15,65.19,42.94,64.28,82.48,77.2,1,No,0,0,74.31,0,No,Placed
778,6.93,61.21,50.27,46.06,60.28,63.83,72.99,3,Yes,6,0,83.13,1,Yes,Placed
779,7.12,83.0,63.09,53.36,69.31,55.88,85.07,5,Yes,6,0,70.04,0,Yes,Placed
780,7.88,80.55,76.81,66.18,60.6,73.63,76.63,1,No,0,1,75.37,1,Yes,Placed
781,7.4,54.29,52.66,55.38,77.19,67.48,61.76,1,Yes,6,1,81.18,4,Yes,Placed
782,5.73,66.87,62.57,74.89,45.98,68.4,89.29,2,Yes,3,0,100.0,0,Yes,Placed
783,7.62,89.33,77.06,80.4,61.81,75.46,,3,Yes,2,0,83.01,0,Yes,Placed
784,7.87,63.23,52.53,73.99,58.99,34.06,75.82,1,Yes,2,1,98.55,0,Yes,Placed
785,7.82,69.43,71.2,89.28,72.79,67.7,42.14,0,Yes,1,2,84.2,0,No,Placed
786,8.39,80.54,73.09,71.24,60.79,73.37,73.67,2,Yes,6,2,78.13,0,Yes,Placed
787,8.12,84.4,83.49,46.75,79.58,71.25,73.47,5,No,0,2,97.39,1,No,Placed
788,7.71,71.98,62.7,85.45,44.66,46.66,100.0,2,No,0,0,86.37,0,No,Placed
789,7.12,67.83,67.5,55.92,40.5,38.79,41.83,2,No,0,3,75.57,0,Yes,Not Placed
790,5.37,92.07,98.29,78.66,53.29,41.84,59.18,5,No,0,1,86.71,0,Yes,Not Placed
791,7.67,95.87,95.97,88.61,60.05,67.73,84.81,3,Yes,1,4,79.07,0,No,Placed
792,7.43,86.75,79.77,71.85,52.62,80.5,76.04,3,Yes,1,0,62.11,0,No,Placed
793,7.5,76.02,75.48,42.56,73.34,72.16,73.25,2,Yes,2,1,91.36,0,Yes,Placed
794,5.8,65.3,61.85,51.23,37.26,63.35,52.79,5,No,0,1,92.95,1,Yes,Not Placed
795,6.01,65.03,63.59,84.84,45.08,65.83,59.37,3,No,0,1,100.0,0,Yes,Placed
796,8.36,81.27,75.54,62.46,87.86,90.51,92.41,4,Yes,6,2,86.22,2,Yes,Placed
797,7.16,80.02,75.7,66.19,80.34,95.84,69.07,3,Yes,1,2,79.51,0,Yes,Placed
798,7.95,91.82,89.33,76.38,87.18,87.72,76.76,3,No,0,4,90.35,3,Yes,Placed
799,7.23,82.81,71.58,75.44,53.62,58.29,67.93,1,No,0,1,90.5,1,No,Placed
800,7.23,56.96,48.14,69.18,76.32,84.51,48.7,2,No,0,1,98.38,0,No,Placed
801,8.23,87.62,72.75,61.87,51.62,69.24,86.81,3,Yes,2,0,81.55,0,No,Placed
802,6.63,63.02,48.92,60.31,39.46,40.91,79.06,1,Yes,3,4,80.34,0,No,Not Placed
803,7.31,70.39,58.61,77.87,23.19,32.38,100.0,2,No,0,1,74.84,4,No,Not Placed
804,6.69,78.0,76.48,73.3,78.63,78.42,51.72,1,No,0,2,87.37,0,No,Placed
805,6.72,98.95,86.91,61.14,40.82,55.23,84.81,3,No,0,1,66.52,0,Yes,Not Placed
806,6.86,100.0,99.11,81.23,52.98,69.44,46.39,1,No,0,1,89.76,0,Yes,Placed
807,7.44,82.28,79.33,63.06,45.9,36.81,72.83,3,No,0,3,87.88,2,No,Placed
808,6.67,72.8,54.77,52.23,63.81,79.45,87.58,2,No,0,0,87.85,0,No,Placed
809,8.58,81.41,,53.62,63.02,53.78,32.7,1,Yes,2,0,83.38,0,Yes,Placed
810,6.22,85.65,88.57,50.32,30.16,33.55,66.31,2,Yes,6,0,97.33,0,Yes,Not Placed
811,6.99,71.15,61.09,60.91,62.58,53.05,59.86,1,No,0,2,90.72,0,No,Not Placed
812,6.72,96.54,95.25,83.51,32.22,74.59,57.36,2,Yes,2,0,75.93,0,Yes,Placed
813,8.79,77.76,68.13,52.92,57.77,58.74,76.93,2,No,0,0,76.11,0,Yes,Placed
814,7.42,80.97,78.66,67.83,27.73,31.25,90.17,0,No,0,0,73.2,2,No,Not Placed
815,8.34,82.99,69.58,55.15,45.32,56.91,67.6,5,No,0,1,87.51,2,Yes,Placed
816,5.57,80.06,62.71,61.1,47.21,59.06,73.7,0,No,0,1,72.0,1,No,Not Placed
817,7.49,85.07,78.5,42.35,30.48,32.16,72.06,3,No,0,0,92.83,0,No,Not Placed
818,8.18,67.59,64.84,61.69,43.21,57.16,70.03,2,No,0,3,95.23,1,Yes,Placed
819,7.29,68.3,63.29,62.09,58.29,51.18,50.39,2,No,0,3,73.21,0,Yes,Not Placed
820,8.37,61.8,51.15,73.1,58.82,58.18,89.95,2,No,0,0,80.14,0,Yes,Placed
821,6.63,80.27,74.05,68.35,82.93,58.45,75.31,3,No,0,2,82.17,3,Yes,Not Placed
822,8.75,84.35,83.07,47.02,97.51,69.13,77.11,3,Yes,1,1,90.84,2,No,Placed
823,9.73,80.49,77.08,81.26,64.81,87.82,55.48,3,No,0,0,98.09,0,Yes,Placed
824,6.8,95.09,92.04,68.15,62.76,80.8,61.73,1,No,0,0,65.15,2,Yes,Not Placed
825,6.71,74.93,67.08,67.98,64.92,66.49,66.83,3,No,0,1,78.82,4,Yes,Not Placed
826,8.8,83.02,89.1,64.86,61.43,79.09,42.39,1,Yes,6,1,79.34,0,Yes,Placed
827,8.94,61.9,51.3,57.23,49.07,49.92,39.62,0,No,0,0,67.99,0,Yes,Placed
828,6.62,70.35,72.22,68.27,52.81,55.02,59.19,2,No,0,2,77.15,1,No,Placed
829,6.74,83.35,89.47,72.13,51.31,58.12,79.41,2,No,0,1,86.28,0,Yes,Placed
830,6.89,85.19,85.52,38.8,48.58,44.4,58.24,2,No,0,1,79.21,0,Yes,Not Placed
831,5.72,71.47,67.7,56.92,52.4,51.61,51.66,3,No,0,0,66.55,1,Yes,Not Placed
832,6.19,74.14,67.5,61.18,38.25,56.57,55.34,2,Yes,3,1,100.0,0,No,Placed
833,6.1,56.79,64.4,68.84,31.48,44.19,61.8,2,No,0,1,84.66,0,Yes,Not Placed
834,6.36,70.72,57.26,82.9,52.48,68.73,63.63,0,Yes,6,1,83.12,0,No,Placed
835,7.16,85.68,74.36,53.42,63.08,70.5,100.0,3,No,0,2,71.02,0,No,Placed
836,7.46,81.9,75.53,57.53,42.01,50.55,88.98,2,No,0,2,84.61,4,No,Not Placed
837,8.91,81.01,87.81,57.31,85.17,67.11,88.45,2,No,0,1,80.36,1,Yes,Placed
838,6.1,75.6,76.08,52.98,22.26,17.94,91.03,3,No,0,1,63.11,0,No,Not Placed
839,8.28,75.08,64.83,59.79,57.59,59.74,52.02,2,No,0,3,71.3,4,No,Not Placed
840,6.96,67.08,62.89,76.56,51.85,57.55,48.0,2,Yes,6,1,89.95,3,No,Not Placed
841,7.15,83.39,75.13,49.19,47.62,48.97,50.08,2,Yes,3,0,100.0,0,Yes,Placed
842,7.94,80.05,71.37,71.42,55.06,59.81,94.02,2,No,0,1,85.67,3,No,Not Placed
843,5.97,80.9,85.64,39.47,75.79,90.73,60.15,3,No,0,0,93.03,0,No,Placed
844,7.62,68.69,55.84,56.58,48.2,37.41,47.48,1,No,0,2,80.44,0,Yes,Not Placed
845,7.38,49.16,62.11,60.06,95.68,65.1,62.24,1,Yes,2,1,81.13,0,Yes,Placed
846,7.74,88.17,90.98,90.12,68.49,78.3,65.71,1,Yes,2,1,92.91,1,No,Placed
847,7.52,69.25,76.06,60.88,61.53,57.57,74.83,2,Yes,1,0,98.63,0,Yes,Placed
848,9.9,64.65,59.48,31.98,86.35,73.2,74.52,4,Yes,6,1,95.01,1,No,Placed
849,6.5,83.32,78.79,35.02,89.94,79.3,55.09,2,No,0,3,71.34,1,Yes,Placed
850,6.62,70.3,56.8,65.51,38.02,59.11,82.34,1,Yes,6,0,81.33,0,Yes,Not Placed
851,6.51,87.72,79.75,74.21,35.31,31.91,58.49,3,No,0,1,84.78,0,No,Placed
852,6.59,82.4,83.11,70.63,41.39,44.59,67.19,3,Yes,1,3,79.4,0,Yes,Not Placed
853,6.5,83.2,90.25,67.51,52.47,61.27,82.36,4,Yes,6,1,85.88,0,No,Placed
854,8.51,58.61,48.89,82.43,42.18,61.96,58.45,2,No,0,1,90.21,0,No,Placed
855,8.76,89.54,82.66,56.91,70.44,88.31,59.75,4,Yes,1,1,92.03,0,No,Placed
856,6.57,78.14,74.11,78.42,77.98,87.67,80.65,0,Yes,6,1,98.86,0,No,Placed
857,6.28,70.57,57.35,40.52,52.55,48.37,54.56,1,Yes,1,0,78.71,0,No,Not Placed
858,7.72,76.72,78.78,51.43,57.36,46.67,63.07,0,Yes,1,0,68.36,0,Yes,Not Placed
859,6.59,53.69,47.52,37.89,43.47,36.15,80.0,3,No,0,1,85.58,2,No,Not Placed
860,7.9,79.9,75.35,60.88,76.65,65.99,100.0,0,Yes,2,3,100.0,4,Yes,Not Placed
861,7.42,62.65,57.77,64.31,47.0,58.74,80.9,2,No,0,0,77.23,2,Yes,Placed
862,5.53,58.77,51.58,66.71,71.96,72.95,78.51,2,No,0,0,88.87,0,No,Placed
863,8.9,56.73,,65.93,100.0,76.54,79.55,2,No,0,1,88.96,0,No,Placed
864,9.18,88.35,82.79,51.09,77.25,65.05,50.68,4,Yes,6,2,83.91,1,Yes,Placed
865,6.53,67.45,62.73,62.15,52.03,63.84,72.08,1,No,0,0,82.07,3,Yes,Not Placed
866,6.77,93.4,83.24,42.54,69.65,65.03,69.46,2,Yes,1,2,72.77,0,No,Placed
867,7.51,68.57,69.27,85.45,76.54,84.9,75.79,3,No,0,0,59.18,0,Yes,Placed
868,7.57,54.51,67.29,,48.45,55.88,72.1,0,No,0,3,70.88,0,No,Not Placed
869,7.92,61.6,61.56,57.67,55.5,72.41,76.83,3,Yes,3,1,78.1,1,No,Placed
870,9.41,89.83,93.82,88.83,55.45,67.83,64.39,3,No,0,1,92.97,0,Yes,Placed
871,7.01,73.13,59.69,46.37,62.18,53.57,71.05,4,No,0,1,80.97,0,Yes,Placed
872,6.32,68.42,67.84,48.12,60.57,47.68,47.9,4,No,0,2,76.81,2,No,Not Placed
873,5.68,76.92,65.45,48.56,25.21,34.71,64.24,2,Yes,2,0,73.09,0,Yes,Not Placed
874,6.4,81.02,66.1,63.98,44.34,25.83,95.04,2,No,0,0,88.57,0,Yes,Not Placed
875,7.16,88.41,78.65,71.47,37.1,45.57,75.74,0,No,0,1,95.58,0,Yes,Not Placed
876,9.17,92.38,97.68,76.1,59.91,62.71,69.62,1,Yes,1,2,92.63,0,Yes,Placed
877,6.63,70.68,76.21,100.0,61.31,59.27,100.0,0,No,0,2,88.06,0,Yes,Placed
878,7.45,59.09,60.12,31.26,48.57,34.09,45.5,2,Yes,6,1,67.24,0,Yes,Not Placed
879,7.18,70.04,55.77,74.13,52.94,67.4,50.03,4,Yes,3,1,78.48,0,No,Placed
880,8.51,78.12,73.74,56.64,43.65,49.85,100.0,2,No,0,0,100.0,1,No,Not Placed
881,9.98,63.43,64.51,56.2,82.64,75.73,70.83,2,No,0,2,93.22,1,No,Placed
882,6.62,63.51,63.57,55.7,52.26,56.36,65.63,2,No,0,2,66.62,0,Yes,Not Placed
883,6.66,79.13,61.46,51.37,42.36,45.99,,2,No,0,1,81.44,0,Yes,Not Placed
884,8.35,74.42,64.85,90.27,63.95,84.28,78.06,5,Yes,2,1,85.63,2,No,Placed
885,7.95,75.39,72.34,77.63,66.31,70.94,79.8,1,Yes,6,3,74.38,0,No,Placed
886,9.23,65.9,68.6,65.35,61.63,48.16,50.3,2,No,0,2,58.91,0,No,Placed
887,7.84,72.24,52.44,85.27,40.59,70.3,67.48,2,Yes,6,1,82.99,0,No,Placed
888,6.8,63.91,61.22,42.31,81.52,73.46,63.96,0,No,0,1,74.12,0,No,Placed
889,7.85,85.68,83.26,45.04,53.3,44.93,74.61,2,No,0,1,74.16,0,Yes,Placed
890,8.42,87.42,90.48,32.33,65.91,43.3,49.85,3,Yes,3,1,78.45,1,No,Not Placed
891,8.1,52.85,58.1,,79.98,76.3,92.54,0,Yes,1,1,80.66,0,No,Placed
892,7.76,63.85,67.12,67.43,100.0,89.06,86.48,0,No,0,1,81.91,3,No,Placed
893,8.37,57.04,49.94,66.54,48.32,69.53,63.46,1,No,0,1,73.16,0,No,Placed
894,8.49,67.2,50.22,67.24,74.64,68.96,66.1,3,No,0,1,79.8,1,No,Placed
895,8.72,74.0,68.45,43.83,59.15,46.18,67.54,3,No,0,1,64.43,0,Yes,Placed
896,7.91,57.6,64.86,77.05,55.23,70.73,55.99,2,No,0,0,85.11,0,No,Not Placed
897,7.02,63.94,73.69,68.59,45.33,61.56,62.02,2,Yes,3,2,53.44,0,No,Placed
898,7.36,62.95,67.34,76.0,42.01,53.89,65.14,4,Yes,3,1,79.11,0,No,Placed
899,8.53,77.49,78.17,36.61,67.6,65.06,99.03,3,No,0,0,91.19,2,No,Placed
900,6.3,75.83,76.29,69.67,28.29,40.33,87.04,3,Yes,3,1,71.41,0,Yes,Not Placed
901,7.61,66.34,60.26,47.18,75.05,69.03,86.82,3,Yes,3,2,89.16,0,No,Placed
902,6.77,77.12,73.37,59.04,54.96,67.84,76.66,2,No,0,2,93.56,0,No,Placed
903,7.23,68.44,79.95,,64.19,73.09,49.89,2,No,0,1,48.92,1,No,Not Placed
904,8.61,71.74,62.03,66.37,61.86,61.52,69.25,4,Yes,6,3,80.49,0,Yes,Placed
905,7.41,95.08,100.0,52.23,53.77,66.83,87.47,4,No,0,0,53.24,2,No,Not Placed
906,7.25,91.09,84.4,65.09,62.32,39.51,47.35,0,No,0,3,80.82,2,Yes,Placed
907,5.7,59.41,69.07,42.03,28.17,52.85,81.46,0,Yes,6,0,81.93,2,No,Not Placed
908,8.02,84.96,70.21,82.25,58.8,48.77,100.0,5,No,0,0,57.17,0,Yes,Placed
909,7.91,84.74,85.95,61.92,50.39,47.58,89.11,1,Yes,1,1,100.0,0,No,Placed
910,9.58,61.22,54.2,81.78,63.28,68.42,,4,No,0,1,84.86,0,Yes,Placed
911,6.86,84.83,70.02,57.1,23.24,31.94,73.93,2,Yes,1,1,73.51,2,Yes,Not Placed
912,7.44,93.46,90.86,57.15,79.62,82.94,87.42,1,No,0,2,96.65,1,No,Not Placed
913,7.47,61.53,68.45,53.54,49.5,40.13,57.08,0,Yes,6,2,64.04,0,Yes,Placed
914,8.94,63.99,55.83,78.14,88.93,88.3,84.33,1,No,0,1,69.71,1,No,Placed
915,7.1,87.21,71.5,54.36,72.79,61.48,81.78,1,Yes,6,1,59.01,0,No,Placed
916,7.51,78.26,74.7,74.67,40.77,53.89,75.22,2,No,0,0,100.0,0,No,Placed
917,7.87,81.62,77.76,59.26,46.62,49.77,93.69,3,No,0,0,85.32,0,Yes,Placed
918,7.41,79.09,80.56,35.36,97.65,79.89,60.3,5,Yes,1,1,88.59,4,No,Placed
919,6.71,79.69,84.32,56.45,79.94,67.39,66.63,2,No,0,0,85.01,2,Yes,Placed
920,7.41,59.08,57.7,47.31,58.84,50.28,71.72,2,Yes,2,2,87.74,1,No,Placed
921,8.38,87.57,98.66,65.51,70.91,72.16,51.47,2,No,0,1,82.78,3,No,Not Placed
922,6.07,89.04,86.93,47.14,39.1,50.95,74.08,2,Yes,1,0,84.71,0,Yes,Not Placed
923,7.35,72.25,67.25,78.89,65.26,63.36,,2,No,0,1,83.08,3,Yes,Not Placed
924,6.43,74.48,59.14,63.63,40.68,38.88,88.85,0,No,0,0,75.91,0,Yes,Not Placed
925,8.51,56.63,53.86,62.34,37.63,51.18,70.84,0,Yes,6,1,81.53,1,No,Not Placed
926,5.52,81.17,75.36,74.84,24.37,39.19,60.62,0,Yes,1,2,84.74,1,Yes,Not Placed
927,6.59,81.86,,79.46,53.0,69.24,54.98,1,No,0,1,83.11,0,No,Placed
928,7.61,74.25,75.53,64.7,43.95,41.12,65.78,3,No,0,0,67.22,0,No,Not Placed
929,8.92,88.49,75.21,53.43,70.37,47.49,82.39,1,No,0,2,68.55,0,No,Placed
930,7.13,70.99,70.27,38.39,40.9,34.82,79.86,4,Yes,1,0,92.83,4,No,Not Placed
931,6.59,81.78,83.97,54.71,40.98,37.43,57.3,4,No,0,2,78.93,0,Yes,Not Placed
932,9.27,62.76,73.71,55.74,86.95,76.8,54.77,5,Yes,3,1,87.85,0,No,Placed
933,5.61,74.72,79.35,66.61,48.57,47.61,81.82,4,Yes,2,1,71.08,1,No,Not Placed
934,4.78,72.91,76.7,59.82,38.11,52.03,57.0,1,No,0,2,67.27,0,No,Not Placed
935,7.68,77.7,75.41,75.32,74.66,71.97,71.08,2,Yes,6,2,73.56,0,Yes,Placed
936,6.65,70.57,71.62,55.81,60.39,60.52,72.23,1,No,0,0,79.77,0,Yes,Not Placed
937,6.08,73.42,81.08,64.14,70.31,70.04,75.62,3,No,0,0,75.35,0,Yes,Placed
938,7.98,84.91,,82.76,56.94,66.63,85.45,4,No,0,2,94.94,1,Yes,Placed
939,7.47,69.76,64.99,70.13,53.3,58.11,47.27,4,No,0,0,83.8,0,Yes,Placed
940,6.58,55.72,48.97,64.1,33.12,47.52,35.6,2,No,0,1,100.0,0,Yes,Not Placed
941,5.79,96.0,94.43,55.97,39.9,36.76,59.79,3,No,0,2,86.04,0,No,Not Placed
942,8.16,91.58,97.26,55.5,79.75,86.47,100.0,0,No,0,1,57.87,0,Yes,Placed
943,7.92,59.49,53.77,52.24,82.82,71.28,100.0,0,No,0,2,92.56,3,No,Not Placed
944,7.09,83.28,60.83,56.88,71.13,53.74,100.0,3,Yes,3,2,66.9,2,Yes,Placed
945,9.23,68.96,63.77,76.33,46.94,57.64,66.53,2,Yes,2,1,84.31,0,No,Placed
946,6.02,78.16,82.65,61.67,64.43,55.09,37.92,5,Yes,3,2,74.25,0,No,Not Placed
947,5.52,78.53,79.98,44.75,16.6,31.7,27.83,0,No,0,1,100.0,0,No,Not Placed
948,6.44,72.19,73.39,91.52,64.98,95.04,58.95,4,No,0,1,96.4,0,No,Placed
949,7.15,65.59,61.8,69.8,51.68,49.25,66.43,2,Yes,6,1,74.58,0,Yes,Placed
950,7.47,66.71,54.81,43.9,70.28,65.69,93.41,3,Yes,2,2,80.73,2,No,Placed
951,6.93,64.01,66.73,58.37,35.49,24.8,85.62,3,No,0,2,84.45,0,Yes,Not Placed
952,7.59,65.02,,66.66,78.27,79.32,74.09,4,No,0,0,90.63,0,Yes,Placed
953,5.82,74.19,89.25,90.57,24.61,35.54,53.98,1,No,0,1,82.29,0,Yes,Not Placed
954,8.79,66.41,69.33,48.38,60.28,50.46,52.71,4,Yes,3,3,71.75,0,No,Placed
955,7.11,83.18,75.22,79.64,41.91,42.21,74.57,1,Yes,3,1,74.82,1,Yes,Not Placed
956,8.43,92.85,83.67,85.99,41.12,61.9,82.55,0,Yes,1,0,81.96,0,No,Not Placed
957,7.58,68.04,65.49,55.57,62.03,70.17,77.05,2,Yes,3,1,94.34,0,Yes,Placed
958,7.7,77.87,73.17,60.84,88.71,80.58,51.38,3,Yes,2,4,86.28,0,No,Placed
959,7.83,81.0,86.83,49.46,100.0,76.19,81.71,2,No,0,2,74.27,3,No,Placed
960,7.69,80.66,79.09,61.95,63.0,78.58,77.67,3,Yes,2,2,88.48,0,Yes,Placed
961,7.91,75.91,67.47,64.45,80.01,67.84,50.73,3,Yes,6,0,78.13,2,Yes,Placed
962,8.66,83.91,95.64,74.89,72.78,51.79,55.88,1,Yes,2,2,90.9,0,No,Placed
963,7.42,80.79,78.1,81.35,66.81,75.76,82.39,4,No,0,1,100.0,2,Yes,Placed
964,7.98,60.15,65.28,53.78,58.71,46.18,,0,No,0,2,78.41,1,Yes,Not Placed
965,7.1,85.43,77.02,35.49,59.74,62.35,98.6,4,No,0,1,90.02,0,No,Placed
966,8.78,85.65,84.99,64.68,78.34,70.43,79.02,2,Yes,1,0,74.55,2,Yes,Placed
967,6.46,65.84,66.75,69.4,42.97,56.94,61.24,2,Yes,1,1,80.88,1,Yes,Placed
968,9.18,75.46,57.79,68.74,72.29,85.24,69.82,2,Yes,2,0,82.3,0,Yes,Placed
969,7.16,83.2,96.0,60.1,56.37,45.4,71.14,1,Yes,3,2,80.06,0,Yes,Placed
970,5.63,72.49,80.56,66.87,57.41,54.59,56.89,2,No,0,3,100.0,0,Yes,Placed
971,7.34,87.88,80.91,87.73,42.74,55.48,53.57,1,No,0,1,78.93,1,Yes,Not Placed
972,6.45,100.0,86.18,70.73,50.83,72.18,82.63,1,No,0,2,87.87,1,Yes,Placed
973,8.12,65.57,66.79,59.4,93.68,76.81,85.21,1,No,0,1,62.7,1,Yes,Placed
974,6.48,58.43,58.28,57.5,69.32,59.83,80.87,2,No,0,2,86.32,1,No,Not Placed
975,6.71,78.65,78.63,62.45,73.91,75.25,97.28,3,Yes,6,2,93.42,1,No,Placed
976,5.12,83.66,81.83,89.55,41.34,50.03,60.25,2,No,0,2,76.72,0,No,Not Placed
977,6.7,72.23,74.06,62.25,58.43,61.1,100.0,4,Yes,1,1,56.9,0,Yes,Placed
978,4.53,92.44,99.77,64.7,51.3,39.81,53.78,2,No,0,1,81.61,3,Yes,Not Placed
979,5.46,58.94,62.59,57.77,67.07,86.42,51.77,3,Yes,2,2,82.17,0,No,Placed
980,8.04,83.32,71.59,81.48,35.02,35.48,38.32,3,Yes,2,0,89.24,0,No,Not Placed
981,8.06,67.73,76.86,94.4,44.78,56.45,61.98,2,No,0,2,100.0,1,Yes,Not Placed
982,7.67,95.63,100.0,71.76,80.99,77.89,60.93,3,No,0,3,78.2,0,Yes,Placed
983,6.14,98.91,100.0,66.24,44.94,70.46,79.47,0,Yes,1,1,73.44,0,Yes,Not Placed
984,7.15,65.8,55.23,65.55,47.1,39.39,74.39,4,Yes,3,2,70.33,0,No,Placed
985,7.2,68.41,68.51,29.24,38.76,55.74,48.53,3,Yes,2,2,83.98,0,Yes,Placed
986,5.93,85.32,65.13,76.18,39.08,57.78,62.93,1,No,0,1,86.79,4,No,Not Placed
987,8.85,70.35,72.74,67.01,49.79,59.13,63.31,3,No,0,1,76.54,0,No,Placed
988,8.17,74.46,67.62,71.43,96.69,79.26,38.03,0,No,0,2,89.79,0,No,Placed
989,6.96,75.3,88.16,54.33,55.32,60.73,52.34,1,Yes,6,1,86.65,0,No,Placed
990,7.23,51.96,45.57,59.23,56.97,50.41,56.13,0,No,0,0,82.43,0,Yes,Not Placed
991,7.43,74.83,58.84,58.83,68.25,78.1,95.81,3,Yes,1,2,72.98,0,No,Placed
992,4.95,66.72,61.28,80.32,54.07,52.23,73.45,3,Yes,2,1,77.18,0,No,Placed
993,6.93,69.08,51.37,59.32,69.61,65.39,81.92,3,Yes,2,2,57.7,0,No,Placed
994,6.45,92.32,94.1,96.24,67.7,70.71,43.02,0,No,0,0,84.36,0,No,Placed
995,6.1,59.92,45.0,71.46,39.32,39.09,91.5,2,Yes,3,0,82.26,0,No,Placed
996,6.89,84.76,81.51,45.86,50.66,56.63,93.42,3,Yes,1,3,83.88,1,Yes,Placed
997,9.18,71.65,52.86,63.07,84.96,83.74,34.03,1,No,0,0,87.04,2,Yes,Placed
998,7.9,71.64,66.92,55.22,55.33,67.39,57.3,2,Yes,6,2,85.86,3,No,Not Placed
999,6.57,84.48,94.18,32.08,52.5,28.57,78.92,0,No,0,2,80.9,0,Yes,Not Placed
1000,7.83,79.08,79.06,88.99,68.62,85.37,81.6,1,No,0,2,82.49,0,Yes,Placed
1001,8.74,81.85,71.75,75.55,81.69,100.0,57.79,2,No,0,0,67.96,1,Yes,Placed
1002,8.22,86.62,82.71,73.0,39.07,44.73,64.5,3,Yes,1,1,76.16,0,No,Placed
1003,7.27,71.02,69.07,67.48,68.85,87.39,59.25,1,Yes,1,2,82.5,1,Yes,Placed
1004,6.49,67.65,69.67,44.27,48.4,44.53,71.99,1,No,0,1,74.64,1,No,Not Placed
1005,7.97,61.98,49.85,57.75,74.36,55.65,91.55,1,No,0,1,90.6,1,Yes,Placed
1006,7.63,65.1,68.33,77.63,72.72,71.13,56.12,1,Yes,6,1,75.41,4,Yes,Not Placed
1007,8.18,100.0,73.36,49.23,89.6,87.97,88.01,1,Yes,1,0,84.16,1,Yes,Placed
1008,7.9,89.94,80.9,27.02,83.49,58.17,55.93,2,Yes,3,2,83.17,1,Yes,Placed
1009,8.35,58.79,54.0,61.59,87.03,73.4,54.74,3,No,0,2,89.46,0,No,Placed
1010,6.61,59.13,63.28,62.87,74.54,76.98,84.73,2,No,0,4,91.01,3,No,Not Placed
1011,8.65,80.78,77.89,67.03,73.56,71.64,86.59,3,Yes,2,1,88.94,0,No,Placed
1012,7.42,81.57,67.17,75.93,59.82,70.5,85.33,3,No,0,2,60.94,3,Yes,Placed
1013,9.48,81.59,70.55,74.56,88.95,87.02,46.32,1,No,0,0,93.94,0,Yes,Placed
1014,6.44,71.94,71.34,68.88,62.52,69.22,61.61,0,No,0,1,97.27,0,Yes,Placed
1015,9.11,73.49,70.51,82.93,68.24,68.33,84.81,4,Yes,1,1,77.18,2,Yes,Placed
1016,7.42,78.93,71.41,42.22,65.41,60.77,70.75,0,Yes,2,3,84.37,0,Yes,Placed
1017,6.48,76.03,69.58,72.57,51.34,48.44,50.67,1,Yes,2,2,73.09,2,No,Placed
1018,6.67,48.37,54.1,74.4,40.53,63.58,78.25,0,No,0,3,62.52,0,Yes,Placed
1019,6.85,72.24,65.88,46.41,74.14,59.48,57.13,2,No,0,2,74.61,2,Yes,Not Placed
1020,7.67,64.78,62.6,42.46,62.16,67.54,100.0,2,No,0,2,76.6,1,No,Placed
1021,7.78,77.1,91.75,53.81,92.93,78.86,97.81,5,Yes,1,0,78.45,1,Yes,Placed
1022,6.57,100.0,83.61,55.08,28.17,38.26,80.87,4,Yes,1,2,72.41,0,No,Not Placed
1023,7.17,79.41,61.65,76.3,49.03,52.26,94.5,2,Yes,1,1,74.67,0,No,Placed
1024,9.56,71.24,75.38,55.78,76.94,60.43,71.17,2,No,0,1,81.89,2,Yes,Placed
1025,9.1,86.06,77.03,52.15,89.86,61.1,83.78,1,Yes,1,0,74.3,0,Yes,Placed
1026,7.68,80.79,75.17,55.83,67.43,53.4,96.6,1,Yes,2,1,87.44,0,No,Placed
1027,7.24,80.04,70.79,81.78,62.59,65.11,74.42,1,No,0,1,88.82,0,Yes,Placed
1028,7.33,82.28,76.98,65.2,41.75,50.9,65.41,1,Yes,6,1,100.0,0,Yes,Placed
1029,7.87,99.68,100.0,62.31,45.64,60.75,39.32,1,No,0,1,93.26,0,No,Not Placed
1030,6.07,61.43,66.7,63.35,53.44,51.95,68.5,1,Yes,3,3,84.43,0,Yes,Placed
1031,6.92,80.68,84.51,84.38,34.87,40.91,84.82,2,No,0,2,75.8,0,Yes,Not Placed
1032,5.36,63.88,51.17,53.76,34.94,26.16,87.02,5,No,0,1,84.94,2,No,Not Placed
1033,7.64,81.67,69.29,84.73,68.63,78.26,79.08,2,No,0,1,85.27,0,No,Placed
1034,7.91,63.98,45.0,68.16,48.56,68.27,60.26,5,No,0,0,76.87,4,Yes,Placed
1035,6.67,69.99,61.52,62.59,77.43,85.64,34.42,2,No,0,1,89.84,0,Yes,Placed
1036,8.93,71.46,76.97,100.0,89.81,99.97,61.09,2,No,0,0,68.02,0,Yes,Placed
1037,5.85,86.71,87.17,49.17,23.24,37.4,64.52,2,No,0,3,79.56,0,Yes,Not Placed
1038,5.59,86.02,80.65,59.69,30.73,56.39,64.37,1,No,0,1,87.56,0,No,Not Placed
1039,7.45,60.05,58.87,46.51,25.29,34.98,81.13,1,Yes,2,0,79.12,0,No,Not Placed
1040,8.35,75.66,67.58,79.29,55.08,68.8,100.0,4,Yes,2,1,79.93,2,No,Placed
1041,9.05,66.49,66.47,90.34,83.91,82.63,72.22,5,Yes,6,1,80.62,0,Yes,Placed
1042,6.7,59.9,65.04,90.05,47.35,46.54,66.1,0,No,0,1,73.64,1,Yes,Not Placed
1043,8.39,72.4,57.23,83.36,74.0,69.97,65.33,1,No,0,0,93.74,0,Yes,Placed
1044,7.16,71.3,71.57,62.04,34.43,42.62,72.24,2,No,0,3,71.82,0,Yes,Not Placed
1045,7.01,100.0,100.0,59.52,68.05,66.1,55.09,1,Yes,6,0,85.18,0,Yes,Placed
1046,8.17,80.2,73.86,39.93,57.05,71.18,72.16,2,No,0,0,86.14,3,Yes,Not Placed
1047,7.92,58.47,63.23,95.54,63.52,73.94,78.11,1,Yes,6,0,72.51,0,Yes,Placed
1048,5.47,68.22,88.92,72.03,42.33,63.03,73.77,2,No,0,1,82.73,2,No,Not Placed
1049,8.82,87.26,82.7,57.62,51.52,49.0,78.24,1,Yes,6,0,72.9,0,No,Placed
1050,8.72,100.0,98.15,84.92,52.45,59.07,77.81,2,No,0,0,95.91,0,No,Placed
1051,6.51,55.97,49.47,50.41,66.61,48.46,38.11,0,Yes,6,1,70.61,0,Yes,Not Placed
1052,7.64,52.44,53.65,71.1,67.07,60.85,81.46,2,Yes,2,1,75.46,2,No,Placed
1053,7.74,97.45,96.39,62.41,77.7,78.38,57.92,5,No,0,0,69.76,1,No,Placed
1054,7.49,79.68,78.27,74.58,64.76,67.78,50.27,2,No,0,1,68.42,0,Yes,Placed
1055,6.59,64.58,54.96,64.05,54.9,67.07,50.12,4,Yes,6,1,97.91,2,No,Not Placed
1056,6.46,81.42,79.92,43.24,25.8,32.84,77.8,3,No,0,0,87.43,0,No,Not Placed
1057,7.17,45.0,57.2,66.13,53.32,53.64,65.99,5,Yes,2,1,83.4,3,Yes,Not Placed
1058,8.49,75.04,76.13,80.73,67.51,92.96,39.72,3,No,0,0,75.43,2,Yes,Not Placed
1059,7.8,78.93,83.74,64.56,91.68,82.61,78.6,3,No,0,0,91.08,1,Yes,Placed
1060,6.79,86.09,80.59,76.63,64.64,79.87,44.09,4,Yes,2,1,73.76,2,Yes,Placed
1061,8.05,62.83,67.55,49.32,87.43,71.99,72.52,0,No,0,0,89.94,0,Yes,Placed
1062,4.07,76.03,75.66,64.61,41.5,55.52,74.29,2,Yes,1,0,73.27,1,No,Not Placed
1063,8.46,63.89,54.9,55.63,57.04,65.9,85.94,5,No,0,1,75.55,0,No,Placed
1064,5.29,78.06,77.81,76.2,44.05,55.78,100.0,3,No,0,3,89.58,0,Yes,Not Placed
1065,6.8,64.26,,65.47,57.95,36.66,45.44,5,No,0,2,90.64,0,No,Placed
1066,5.97,70.1,63.03,75.35,33.66,46.35,69.06,3,Yes,6,2,87.97,0,No,Placed
1067,5.78,63.05,63.26,81.32,40.44,65.01,65.03,4,Yes,1,2,71.5,0,Yes,Not Placed
1068,8.48,82.81,81.91,75.37,64.73,73.2,77.81,3,Yes,3,3,77.53,0,Yes,Placed
1069,6.69,85.3,72.26,69.1,77.57,79.49,73.88,3,No,0,2,83.57,0,No,Placed
1070,7.58,72.18,78.4,50.03,29.44,18.39,63.65,2,No,0,1,73.51,0,No,Not Placed
1071,7.15,75.46,77.49,64.96,75.27,64.97,62.06,4,No,0,1,95.71,2,Yes,Placed
1072,7.72,57.62,51.22,57.0,47.75,54.64,49.9,3,No,0,0,57.98,0,Yes,Not Placed
1073,7.28,71.4,,59.84,37.69,48.44,87.78,3,Yes,2,1,74.21,1,Yes,Placed
1074,5.79,74.4,70.8,59.38,64.01,74.77,78.27,3,Yes,1,4,76.9,0,Yes,Placed
1075,8.3,100.0,91.43,50.3,77.35,67.78,86.52,2,Yes,6,1,53.56,0,Yes,Placed
1076,6.66,61.66,61.4,35.64,72.07,65.2,64.41,0,Yes,6,2,68.04,0,No,Placed
1077,5.49,92.57,85.41,54.98,55.91,55.8,58.18,4,Yes,1,1,88.25,0,Yes,Placed
1078,6.73,86.96,67.21,67.9,84.73,69.81,50.59,2,No,0,1,82.3,0,Yes,Placed
1079,8.85,78.37,72.42,44.78,79.19,46.31,76.46,1,Yes,6,1,97.73,0,Yes,Placed
1080,8.14,96.1,89.05,65.24,62.73,67.8,51.28,1,Yes,3,1,97.45,0,Yes,Placed
1081,6.82,79.47,81.59,93.5,59.68,71.56,100.0,3,No,0,1,86.33,0,No,Placed
1082,6.82,79.67,71.12,80.35,73.18,69.15,46.46,3,Yes,2,2,85.13,2,Yes,Not Placed
1083,6.85,74.36,85.36,89.65,43.08,40.86,74.93,3,No,0,2,82.66,0,No,Not Placed
1084,9.48,89.68,70.42,70.87,66.1,73.83,98.2,2,Yes,1,2,55.45,0,Yes,Placed
1085,7.62,88.16,94.83,82.51,56.33,61.52,80.78,2,No,0,0,68.05,1,Yes,Not Placed
1086,7.67,67.49,63.95,54.14,29.82,42.68,73.16,2,No,0,2,83.01,0,No,Not Placed
1087,8.33,59.17,65.13,55.33,68.74,83.36,52.57,0,Yes,6,1,88.16,4,Yes,Not Placed
1088,7.46,72.56,70.95,23.91,31.41,10.0,45.13,3,No,0,1,84.9,0,No,Not Placed
1089,6.92,65.4,72.98,82.79,56.12,57.12,83.86,0,No,0,2,73.08,0,Yes,Not Placed
1090,6.98,74.24,68.72,88.1,68.85,72.53,97.11,2,No,0,1,91.37,0,No,Placed
1091,7.12,89.85,77.08,56.7,49.82,66.43,62.1,2,Yes,2,0,96.82,0,No,Not Placed
1092,7.16,69.51,78.93,61.19,82.43,59.69,49.5,2,Yes,1,1,91.38,0,No,Placed
1093,8.0,74.49,71.13,53.69,42.1,64.93,25.75,4,No,0,2,91.9,3,No,Not Placed
1094,7.26,75.7,74.9,70.74,75.93,75.73,52.35,0,No,0,1,76.41,0,No,Placed
1095,8.01,85.18,91.54,81.87,74.17,75.52,67.95,3,Yes,1,1,92.76,0,No,Placed
1096,7.11,48.04,45.0,38.86,31.15,31.48,98.78,0,Yes,2,1,83.46,0,Yes,Not Placed
1097,7.29,67.72,70.71,71.14,98.95,86.25,82.12,0,Yes,6,2,87.12,0,No,Placed
1098,5.0,77.54,70.06,60.85,39.06,56.08,75.49,2,Yes,6,2,85.65,0,Yes,Not Placed
1099,8.21,89.4,84.4,66.7,52.5,46.08,62.8,0,Yes,1,1,80.79,0,Yes,Placed
1100,7.58,69.1,67.77,71.88,39.54,52.7,59.5,3,Yes,1,0,73.4,0,Yes,Placed
1101,8.3,52.48,45.0,62.18,63.08,58.97,95.3,2,Yes,2,1,81.18,0,No,Placed
1102,4.01,82.44,72.96,63.45,30.2,32.55,73.61,0,Yes,1,1,91.87,0,Yes,Not Placed
1103,9.5,67.38,76.45,61.79,77.52,98.66,32.15,0,No,0,2,77.59,0,No,Placed
1104,7.05,60.72,,79.55,51.9,64.39,57.88,2,Yes,3,0,90.93,0,Yes,Placed
1105,8.42,67.51,65.26,71.28,76.85,81.31,54.55,3,Yes,1,1,89.37,0,Yes,Placed
1106,6.06,72.79,72.45,68.31,42.63,61.71,60.17,2,Yes,3,2,79.01,0,No,Placed
1107,7.87,67.74,63.61,45.94,33.97,23.34,80.13,2,No,0,1,95.89,1,Yes,Not Placed
1108,6.04,48.53,59.53,59.32,46.09,67.58,68.07,3,No,0,2,78.44,2,Yes,Not Placed
1109,6.51,85.76,80.59,78.48,16.6,10.07,68.62,2,No,0,2,97.1,2,Yes,Not Placed
1110,9.31,90.3,88.12,65.57,79.75,67.81,93.64,1,Yes,3,2,86.34,4,No,Placed
1111,6.99,82.82,88.7,74.89,41.23,46.74,57.46,2,No,0,1,81.84,4,Yes,Not Placed
1112,7.44,61.35,53.99,91.5,61.96,76.64,100.0,2,No,0,1,73.12,1,Yes,Placed
1113,8.16,72.58,82.79,80.58,84.97,85.84,57.92,3,Yes,3,4,81.12,4,No,Placed
1114,7.75,74.92,60.19,66.4,47.73,51.66,71.61,2,No,0,1,79.96,2,Yes,Not Placed
1115,7.37,82.19,92.0,57.34,74.84,69.47,64.94,5,No,0,0,69.42,1,No,Placed
1116,7.6,83.02,76.74,,54.31,36.25,72.22,1,No,0,0,79.82,0,Yes,Not Placed
1117,9.84,66.19,62.63,62.47,100.0,73.77,,5,No,0,1,73.96,0,Yes,Placed
1118,7.14,75.98,58.27,60.11,51.62,61.43,77.81,2,No,0,3,87.86,2,No,Not Placed
1119,7.42,80.49,73.8,70.86,46.76,60.93,56.44,3,Yes,2,0,95.06,0,No,Placed
1120,8.36,92.47,79.9,62.69,77.15,88.66,49.79,0,No,0,0,69.73,2,No,Placed
1121,8.42,83.45,75.25,60.19,60.79,52.71,100.0,2,Yes,6,2,99.12,0,No,Placed
1122,8.51,84.47,79.92,38.31,55.42,57.22,61.29,3,No,0,3,80.71,0,Yes,Not Placed
1123,7.9,76.01,81.07,50.9,56.05,51.67,82.59,3,Yes,1,0,72.25,1,Yes,Placed
1124,5.94,91.93,89.39,72.15,46.87,66.36,41.06,0,No,0,1,89.58,3,Yes,Not Placed
1125,9.0,79.92,79.39,90.74,92.11,100.0,64.97,2,Yes,3,1,77.54,0,No,Placed
1126,5.94,64.67,54.44,63.54,18.5,34.12,67.71,0,Yes,2,1,81.18,2,No,Not Placed
1127,7.53,91.84,,69.92,60.61,60.01,78.51,5,Yes,3,2,77.96,1,No,Placed
1128,6.37,83.37,94.43,79.29,60.34,75.63,21.0,4,Yes,3,0,73.83,0,Yes,Placed
1129,7.13,69.68,61.83,52.84,59.94,64.28,72.99,0,No,0,0,89.24,0,Yes,Not Placed
1130,7.56,69.25,80.57,70.5,80.14,70.41,49.3,4,Yes,1,0,79.14,0,No,Placed
1131,7.55,78.56,73.76,53.89,59.31,44.41,75.84,4,No,0,0,67.63,0,No,Placed
1132,7.66,80.56,77.52,77.97,58.54,61.49,51.35,2,Yes,3,0,87.51,0,No,Placed
1133,8.98,77.37,83.19,67.27,80.69,91.82,54.6,3,Yes,3,0,69.94,0,No,Placed
1134,7.7,78.74,86.04,69.48,63.08,76.46,65.07,2,Yes,3,2,70.47,0,Yes,Placed
1135,6.93,95.4,89.97,53.26,49.6,39.57,51.06,3,Yes,6,0,93.93,2,Yes,Not Placed
1136,8.26,87.86,80.97,75.61,73.83,62.68,61.44,2,No,0,3,70.04,0,Yes,Placed
1137,8.51,77.29,74.11,96.27,58.28,82.42,48.52,2,No,0,1,58.84,0,Yes,Placed
1138,5.85,86.3,85.37,49.88,37.63,29.95,37.0,2,Yes,3,1,88.23,0,Yes,Not Placed
1139,7.86,62.61,68.48,59.9,54.94,61.52,88.32,1,No,0,0,78.96,2,Yes,Not Placed
1140,7.97,79.78,76.83,68.47,84.07,73.23,46.67,3,Yes,2,0,79.82,2,Yes,Placed
1141,6.87,96.71,96.99,76.8,10.0,46.21,66.78,2,Yes,3,1,78.85,0,No,Not Placed
1142,8.71,72.38,83.25,56.61,75.64,62.23,83.55,2,No,0,1,84.32,3,No,Placed
1143,7.03,64.83,66.4,22.5,56.79,57.94,58.93,4,Yes,6,2,74.47,2,No,Placed
1144,7.34,67.17,67.95,85.39,33.49,50.91,55.15,2,No,0,2,96.76,1,Yes,Not Placed
1145,7.01,61.92,48.58,76.41,60.72,67.95,74.07,2,No,0,1,67.24,1,Yes,Placed
1146,7.22,65.58,45.0,38.86,64.87,37.37,90.12,5,No,0,1,86.45,0,Yes,Placed
1147,5.99,70.55,71.61,55.89,56.8,34.49,48.95,4,No,0,2,88.42,0,No,Placed
1148,5.62,58.13,56.56,88.52,10.0,31.35,67.3,1,Yes,3,1,74.4,0,Yes,Not Placed
1149,8.95,75.19,68.55,86.72,92.13,92.97,38.82,2,Yes,6,4,71.76,0,Yes,Placed
1150,6.27,85.83,84.19,79.08,39.08,39.83,62.92,5,Yes,1,2,92.17,0,No,Placed
1151,6.11,64.11,62.21,62.36,59.17,49.24,70.62,2,Yes,3,0,72.09,2,Yes,Not Placed
1152,4.83,93.23,97.93,66.24,49.77,60.32,54.62,2,No,0,1,75.93,0,No,Not Placed
1153,6.5,81.13,78.71,63.04,38.83,51.72,61.77,1,No,0,1,90.87,4,Yes,Not Placed
1154,5.74,87.37,77.65,81.92,55.86,62.3,44.65,1,No,0,2,82.35,0,Yes,Not Placed
1155,9.01,67.11,73.32,51.86,66.27,69.75,71.39,3,No,0,1,64.03,0,Yes,Placed
1156,8.31,85.25,79.99,52.91,35.42,28.92,89.0,3,Yes,3,2,99.47,0,No,Placed
1157,6.44,61.9,64.92,80.15,69.06,68.83,50.25,5,No,0,0,76.7,0,No,Placed
1158,9.68,85.68,78.3,64.33,65.8,81.84,58.79,3,No,0,0,77.97,4,No,Placed
1159,8.28,77.06,69.16,85.68,53.42,63.78,79.05,1,No,0,0,84.56,2,Yes,Placed
1160,6.84,81.64,79.15,54.93,48.7,51.83,91.82,0,Yes,1,1,88.25,0,Yes,Not Placed
1161,4.45,60.89,59.91,64.18,39.69,70.1,43.12,5,No,0,1,100.0,3,No,Not Placed
1162,9.72,64.26,66.67,51.16,76.9,55.19,66.96,2,Yes,6,1,65.4,1,No,Placed
1163,5.67,82.17,76.8,65.11,53.59,65.01,75.1,2,No,0,1,90.26,0,No,Placed
1164,5.39,63.62,47.57,42.82,23.03,45.61,68.16,4,No,0,0,89.43,1,Yes,Not Placed
1165,8.32,80.56,74.04,57.69,55.46,52.88,25.42,2,Yes,2,0,80.63,0,Yes,Placed
1166,9.88,58.59,,43.46,77.33,75.76,79.02,1,No,0,2,89.87,0,Yes,Placed
1167,8.72,85.18,79.28,75.41,98.25,81.58,97.35,4,No,0,1,91.34,1,No,Placed
1168,7.82,60.21,57.22,75.75,60.86,58.46,72.1,5,Yes,2,1,68.18,0,No,Placed
1169,7.85,81.63,86.36,39.05,79.11,70.94,51.44,0,No,0,2,99.5,0,Yes,Not Placed
1170,8.14,82.51,73.56,85.01,65.69,79.47,60.76,4,No,0,2,66.41,0,Yes,Placed
1171,8.03,66.64,52.63,100.0,57.02,81.13,100.0,2,No,0,0,70.65,4,Yes,Placed
1172,7.51,81.98,77.5,65.69,56.37,74.86,86.38,2,No,0,1,79.38,1,Yes,Placed
1173,7.31,78.13,71.44,55.38,55.99,55.13,81.52,4,No,0,2,100.0,0,No,Placed
1174,7.13,68.53,58.95,100.0,66.1,88.21,76.42,5,No,0,2,78.92,0,Yes,Placed
1175,6.37,62.9,60.2,45.22,71.58,60.25,58.1,1,Yes,6,2,81.68,0,No,Placed
1176,6.89,51.45,55.24,65.3,60.53,70.98,66.39,1,Yes,6,0,96.32,1,No,Placed
1177,5.34,79.2,76.2,67.69,60.51,64.74,68.6,0,No,0,0,79.0,0,No,Not Placed
1178,7.09,56.22,58.06,85.18,42.26,59.59,79.89,2,No,0,1,70.22,2,No,Not Placed
1179,6.11,76.14,88.04,70.4,42.68,55.23,97.16,0,No,0,2,77.83,3,No,Not Placed
1180,5.99,71.84,66.91,57.52,37.02,27.13,90.13,2,No,0,1,95.71,1,No,Not Placed
1181,7.4,83.15,82.06,50.73,63.9,48.71,44.45,0,No,0,0,82.71,0,Yes,Not Placed
1182,8.73,71.38,65.16,59.87,64.47,64.11,74.03,2,Yes,6,2,100.0,0,No,Placed
1183,8.21,71.05,62.17,49.9,76.63,51.74,83.26,0,No,0,0,89.38,0,No,Placed
1184,5.47,83.78,75.72,65.72,29.81,48.9,81.14,3,Yes,6,0,75.55,0,Yes,Not Placed
1185,6.11,79.02,72.29,56.54,49.54,60.35,58.67,1,No,0,0,82.51,1,No,Not Placed
1186,8.23,78.79,78.79,42.59,76.18,69.38,100.0,2,No,0,1,73.47,0,No,Placed
1187,6.12,80.63,96.36,83.83,17.97,26.52,47.01,4,No,0,1,75.32,0,No,Not Placed
1188,6.95,56.57,50.19,57.53,87.45,92.28,,3,Yes,3,1,100.0,2,Yes,Placed
1189,7.81,84.08,77.34,45.98,58.19,74.9,74.2,1,No,0,0,92.19,0,No,Placed
1190,6.13,82.35,78.61,62.48,18.7,33.31,100.0,0,No,0,0,90.61,0,Yes,Not Placed
1191,7.32,62.8,64.69,66.03,60.9,67.54,54.95,3,No,0,0,75.77,1,No,Placed
1192,5.73,72.07,71.97,38.8,46.36,46.11,65.22,2,Yes,1,1,97.7,0,Yes,Not Placed
1193,6.54,74.53,82.35,69.97,51.08,62.05,89.39,3,No,0,0,92.99,1,No,Placed
1194,7.55,73.39,51.64,49.29,75.28,66.29,69.68,2,No,0,1,100.0,2,Yes,Not Placed
1195,5.45,79.01,57.01,90.67,54.79,65.21,63.98,2,No,0,0,100.0,1,Yes,Not Placed
1196,7.68,92.18,83.99,72.86,65.94,77.08,80.18,2,No,0,0,67.21,0,Yes,Placed
1197,7.18,87.98,92.96,59.0,64.18,86.08,74.91,3,Yes,3,0,70.9,0,Yes,Placed
1198,7.81,59.25,45.8,53.82,60.9,44.77,88.55,4,Yes,1,0,71.96,0,No,Placed
1199,7.45,82.46,55.16,63.43,86.2,78.33,93.25,0,No,0,1,72.56,0,No,Placed
1200,8.7,90.95,91.42,74.19,47.42,43.64,,2,Yes,2,1,85.23,4,Yes,Not Placed
1201,7.34,79.64,78.63,64.62,60.8,77.86,75.25,0,No,0,2,76.33,1,Yes,Not Placed
1202,6.73,88.09,75.56,61.74,54.8,51.0,73.85,2,Yes,1,0,100.0,0,Yes,Placed
1203,7.33,99.15,86.35,65.88,70.88,54.94,78.8,4,No,0,0,100.0,3,No,Not Placed
1204,7.8,87.28,75.8,55.94,49.72,57.97,70.99,2,Yes,1,1,81.94,1,Yes,Placed
1205,7.25,77.99,76.08,59.85,31.87,57.71,69.99,4,No,0,2,100.0,0,Yes,Placed
1206,7.24,87.54,78.78,33.71,60.31,58.97,91.54,2,Yes,3,1,96.88,0,Yes,Placed
1207,6.43,76.74,78.02,79.61,55.64,64.88,97.29,4,Yes,3,1,77.49,0,Yes,Placed
1208,6.47,75.29,49.92,69.48,74.11,76.81,42.86,3,Yes,1,1,61.91,4,Yes,Not Placed
1209,5.66,70.78,61.85,53.4,26.2,48.51,70.18,1,Yes,1,0,79.82,0,Yes,Not Placed
1210,9.12,93.76,80.38,93.48,90.32,82.52,57.6,1,No,0,3,75.55,2,No,Placed
1211,5.83,65.18,61.61,66.31,82.17,76.29,64.4,2,Yes,3,1,84.07,0,No,Placed
1212,6.44,93.39,84.75,49.46,45.84,42.4,77.25,1,No,0,2,82.89,2,Yes,Not Placed
1213,6.41,81.0,84.28,77.85,31.91,34.02,82.05,2,No,0,1,82.63,0,No,Not Placed
1214,8.18,58.21,45.0,70.97,59.37,59.57,67.98,2,No,0,1,87.24,4,Yes,Not Placed
1215,6.88,79.41,76.83,70.92,55.21,71.0,35.56,5,No,0,0,69.87,3,No,Not Placed
1216,8.57,49.8,54.29,58.61,77.04,77.18,52.63,2,No,0,1,86.11,0,Yes,Placed
1217,6.46,82.51,94.11,71.76,42.8,57.93,86.14,3,No,0,0,77.6,1,No,Placed
1218,7.51,85.62,78.21,61.07,83.38,78.16,20.67,4,No,0,1,84.0,1,No,Placed
1219,6.28,67.89,68.7,73.34,33.53,50.71,91.37,4,Yes,3,1,91.57,3,Yes,Not Placed
1220,9.56,76.48,59.4,36.43,50.39,38.19,79.38,1,No,0,2,69.76,0,No,Placed
1221,5.89,98.45,74.47,58.49,63.75,59.08,93.69,2,No,0,1,79.19,0,Yes,Not Placed
1222,7.54,68.93,73.8,90.83,26.21,47.51,66.43,2,No,0,1,80.81,2,No,Not Placed
1223,7.9,62.29,61.02,53.49,60.12,60.9,32.89,2,No,0,0,76.86,1,Yes,Not Placed
1224,7.66,92.78,97.93,55.94,100.0,89.98,77.75,2,No,0,1,91.0,0,Yes,Placed
1225,7.0,98.55,82.71,58.28,55.79,55.15,92.94,3,Yes,2,0,74.8,2,No,Not Placed
1226,7.06,75.04,76.7,46.78,39.65,38.01,86.64,2,No,0,2,76.45,0,Yes,Not Placed
1227,7.25,87.14,98.37,31.88,57.12,81.13,58.07,2,No,0,3,74.9,1,Yes,Not Placed
1228,7.04,91.1,90.35,61.54,55.54,66.41,71.56,5,Yes,1,0,92.92,0,Yes,Placed
1229,8.26,66.09,66.69,67.04,68.49,72.19,60.41,0,No,0,0,77.08,0,No,Placed
1230,9.63,69.18,67.33,64.21,86.99,77.82,55.25,2,No,0,1,86.6,0,Yes,Placed
1231,6.59,89.77,73.23,62.83,37.11,40.31,87.2,3,No,0,2,100.0,0,Yes,Not Placed
1232,5.69,95.22,100.0,65.65,70.86,67.99,48.44,1,No,0,1,81.25,0,No,Not Placed
1233,7.1,81.75,73.69,80.34,60.5,69.38,53.91,2,Yes,6,0,93.12,0,Yes,Placed
1234,10.0,64.44,67.03,62.14,90.9,63.47,50.13,1,No,0,3,98.71,0,Yes,Placed
1235,6.32,98.84,81.46,56.39,41.11,30.0,43.18,4,No,0,2,92.27,0,Yes,Not Placed
1236,9.0,68.63,57.33,60.78,91.32,75.79,72.64,2,Yes,3,0,81.83,1,Yes,Placed
1237,9.05,70.98,80.36,73.69,68.51,72.13,90.91,2,Yes,3,3,88.42,0,Yes,Placed
1238,6.59,79.11,73.42,86.18,56.89,63.29,66.67,2,No,0,1,69.13,0,No,Placed
1239,7.83,93.65,100.0,55.58,48.61,65.48,42.9,1,Yes,6,1,74.2,0,Yes,Not Placed
1240,8.99,85.25,81.1,66.48,56.98,45.0,85.12,1,No,0,1,75.95,3,Yes,Not Placed
1241,6.78,79.98,62.25,70.08,64.59,58.72,100.0,2,Yes,2,2,100.0,1,Yes,Placed
1242,6.98,80.56,84.64,50.11,49.15,64.64,58.37,2,No,0,1,73.87,0,Yes,Not Placed
1243,6.56,75.52,68.25,65.31,39.67,48.67,61.39,2,No,0,0,73.73,2,No,Not Placed
1244,6.08,81.7,84.12,43.01,39.02,49.07,79.28,2,Yes,6,3,71.56,4,Yes,Not Placed
1245,6.49,45.0,45.7,38.46,62.37,75.71,99.19,2,No,0,0,87.6,0,Yes,Placed
1246,5.85,71.44,56.95,70.5,37.39,40.39,60.64,3,No,0,2,83.43,4,Yes,Not Placed
1247,7.24,77.9,76.42,59.24,56.14,56.07,46.02,2,No,0,1,92.87,0,No,Placed
1248,6.35,61.19,77.64,68.03,51.05,53.42,81.37,1,No,0,0,88.71,0,Yes,Not Placed
1249,7.46,79.64,80.62,,30.9,21.5,84.38,3,No,0,0,68.2,0,Yes,Not Placed
1250,5.49,72.55,69.83,50.35,21.84,27.29,70.11,4,No,0,2,73.93,1,No,Not Placed
1251,7.56,96.07,100.0,64.32,65.56,74.0,59.95,1,No,0,1,95.65,0,Yes,Placed
1252,8.12,93.88,91.17,46.5,53.88,57.07,87.9,2,No,0,1,79.97,0,No,Not Placed
1253,5.01,69.41,69.15,85.86,55.91,71.08,79.5,2,Yes,2,1,93.88,0,No,Placed
1254,7.61,73.19,62.14,44.66,75.39,62.42,56.17,2,No,0,2,80.5,0,Yes,Placed
1255,8.55,74.11,73.57,62.06,79.19,67.49,70.88,3,No,0,1,72.32,0,Yes,Placed
1256,5.87,69.58,75.91,49.37,74.25,79.48,45.67,0,Yes,1,0,78.97,0,No,Placed
1257,9.04,77.34,67.92,73.56,71.07,66.84,82.35,3,Yes,6,1,72.32,0,No,Placed
1258,7.66,65.9,75.71,60.03,71.02,70.66,65.28,0,Yes,2,2,76.34,4,No,Not Placed
1259,6.42,61.43,59.56,57.22,42.63,48.64,62.16,2,Yes,3,1,84.01,0,Yes,Not Placed
1260,7.14,82.47,72.12,77.8,93.89,100.0,69.41,3,Yes,3,0,87.12,0,Yes,Placed
1261,7.81,82.55,87.28,65.44,92.27,93.93,70.73,2,Yes,2,3,66.1,0,No,Placed
1262,7.28,65.35,61.52,72.75,58.45,49.79,86.11,1,No,0,2,81.83,0,Yes,Not Placed
1263,7.79,85.74,88.25,50.28,68.14,50.91,80.64,5,Yes,6,0,76.13,0,No,Placed
1264,6.19,67.42,63.34,43.93,69.89,67.89,67.18,4,Yes,1,4,75.52,0,Yes,Placed
1265,7.39,78.04,74.76,66.61,56.88,59.16,83.75,3,Yes,2,1,83.33,1,No,Not Placed
1266,5.64,84.84,85.31,60.22,35.31,38.23,77.21,2,Yes,2,0,76.5,0,Yes,Not Placed
1267,7.08,74.6,74.46,74.4,69.73,81.29,62.32,1,Yes,3,0,95.82,0,Yes,Placed
1268,6.21,80.46,61.45,63.8,50.82,56.59,67.76,4,No,0,1,93.88,0,No,Placed
1269,6.39,68.8,57.95,68.08,53.87,58.66,67.33,2,No,0,2,93.82,2,Yes,Not Placed
1270,8.56,72.64,77.81,40.65,55.96,59.17,79.09,4,No,0,0,77.05,1,Yes,Placed
1271,8.4,72.53,69.22,93.33,41.44,53.25,63.39,2,No,0,0,72.38,0,Yes,Placed
1272,7.87,66.04,60.25,62.54,66.5,81.0,62.97,2,Yes,1,1,82.82,0,No,Placed
1273,6.0,72.88,59.72,75.46,61.56,57.85,100.0,5,Yes,3,1,80.5,4,No,Not Placed
1274,6.85,56.42,47.14,52.46,51.43,58.31,86.92,2,Yes,2,0,75.91,0,Yes,Placed
1275,8.53,69.11,51.02,69.62,89.82,98.1,56.31,1,No,0,0,70.24,0,Yes,Placed
1276,7.36,71.58,68.61,45.46,48.29,33.67,80.28,1,Yes,2,1,81.58,0,Yes,Not Placed
1277,9.75,71.93,64.95,71.78,62.19,61.63,72.13,2,No,0,2,77.96,0,No,Placed
1278,7.63,72.1,62.16,59.66,60.05,71.36,77.05,0,Yes,3,1,88.88,4,Yes,Not Placed
1279,7.41,74.26,71.29,65.44,58.05,71.84,72.47,2,Yes,6,1,88.65,4,Yes,Not Placed
1280,6.86,80.75,80.59,75.47,66.43,67.43,91.41,2,No,0,1,93.01,1,Yes,Placed
1281,7.35,85.49,98.69,46.51,47.15,39.61,,3,No,0,1,69.41,0,No,Not Placed
1282,7.03,67.2,53.39,54.73,76.78,79.72,68.88,2,No,0,3,86.01,0,No,Placed
1283,7.98,60.56,68.78,71.86,93.34,98.73,88.76,5,No,0,2,74.73,0,Yes,Placed
1284,8.25,62.5,69.03,,65.43,63.1,74.2,1,No,0,0,69.8,4,Yes,Placed
1285,6.34,69.15,61.01,62.93,69.43,55.44,72.19,2,No,0,1,77.71,1,No,Placed
1286,5.74,70.78,70.33,73.87,30.04,45.44,75.65,0,No,0,1,92.69,0,No,Not Placed
1287,5.18,65.76,60.52,63.4,57.57,65.61,68.32,3,Yes,6,1,78.28,0,Yes,Placed
1288,7.76,59.45,59.99,94.13,77.78,79.7,70.17,5,No,0,1,97.65,0,Yes,Placed
1289,5.99,69.53,79.65,38.79,60.84,61.02,59.44,3,No,0,2,87.49,4,Yes,Not Placed
1290,4.83,77.18,79.3,66.42,38.42,39.72,56.48,2,Yes,1,2,78.06,0,No,Not Placed
1291,7.63,82.14,83.0,40.62,16.71,10.0,52.03,2,No,0,1,93.6,0,No,Not Placed
1292,9.94,68.31,63.04,,69.91,52.92,44.94,3,No,0,2,86.45,0,Yes,Placed
1293,7.19,70.04,56.17,69.46,48.16,55.18,54.17,4,No,0,2,72.67,0,Yes,Placed
1294,8.12,63.88,60.82,67.09,50.3,52.58,66.86,5,Yes,2,2,100.0,3,Yes,Placed
1295,7.29,74.62,81.81,60.73,60.15,48.74,71.86,2,No,0,3,84.59,4,No,Not Placed
1296,7.09,64.82,51.12,63.41,50.45,36.18,65.12,5,No,0,0,82.19,3,Yes,Not Placed
1297,8.21,81.88,70.25,100.0,53.32,62.18,27.6,1,No,0,0,73.44,1,No,Not Placed
1298,6.88,53.57,54.22,61.13,39.16,54.73,98.34,1,Yes,2,2,93.8,0,No,Not Placed
1299,7.49,70.68,60.74,72.65,49.22,68.81,89.56,0,No,0,2,87.17,0,Yes,Not Placed
1300,7.55,78.61,69.41,55.26,77.25,82.53,78.02,1,Yes,6,3,88.29,0,Yes,Placed
1301,6.47,77.21,71.1,69.43,41.81,41.93,100.0,3,No,0,0,76.92,1,No,Placed
1302,8.29,100.0,84.08,61.43,58.61,47.92,52.41,4,Yes,3,1,90.34,0,Yes,Placed
1303,7.01,79.2,68.48,58.84,49.21,57.07,100.0,3,No,0,0,91.12,1,No,Placed
1304,6.37,62.95,67.28,92.28,56.03,73.26,52.63,2,No,0,1,75.31,0,Yes,Placed
1305,7.79,73.85,61.01,82.66,69.17,77.21,74.3,2,Yes,6,0,67.83,0,No,Placed
1306,6.21,53.69,45.0,67.05,10.0,10.0,47.07,3,Yes,3,0,87.81,2,No,Not Placed
1307,7.23,74.03,66.59,30.44,73.17,51.68,70.26,2,Yes,3,0,66.27,3,No,Not Placed
1308,7.19,65.0,69.36,59.58,79.07,72.92,76.95,3,Yes,2,1,83.52,0,Yes,Placed
1309,8.39,85.98,80.81,100.0,51.4,70.85,67.22,3,Yes,2,1,77.53,0,No,Placed
1310,7.72,68.41,62.85,61.54,47.19,59.17,82.85,3,No,0,0,94.19,3,Yes,Not Placed
1311,7.17,73.6,71.59,81.55,50.63,61.35,71.78,2,No,0,1,78.07,1,Yes,Not Placed
1312,8.1,67.37,51.67,86.63,53.46,66.72,60.6,4,No,0,0,93.07,0,Yes,Placed
1313,8.73,95.87,95.24,68.28,73.19,72.57,59.8,1,No,0,3,76.86,0,Yes,Placed
1314,7.81,71.15,72.1,52.37,33.31,45.89,84.6,2,Yes,6,1,92.0,0,Yes,Not Placed
1315,7.21,96.99,89.02,28.47,40.92,40.32,58.23,3,Yes,3,1,100.0,0,Yes,Not Placed
1316,5.76,84.77,89.34,75.26,69.14,71.64,86.48,2,Yes,3,2,71.32,2,No,Placed
1317,6.03,80.78,68.69,52.78,34.3,37.16,92.01,4,No,0,1,84.92,0,No,Placed
1318,6.86,79.42,85.51,67.64,73.57,72.6,39.96,2,No,0,2,100.0,0,Yes,Placed
1319,6.53,79.73,77.99,46.25,57.57,59.02,90.39,2,Yes,1,1,82.67,0,No,Placed
1320,6.99,51.87,48.99,61.02,28.82,41.15,100.0,4,Yes,2,3,82.62,0,Yes,Placed
1321,7.26,71.65,69.33,65.51,67.63,70.8,74.54,2,No,0,0,89.88,0,Yes,Placed
1322,7.78,85.14,80.77,69.03,60.5,76.48,80.78,2,No,0,4,82.41,0,No,Placed
1323,7.12,74.41,81.73,48.28,50.15,52.24,88.67,2,No,0,2,64.93,0,Yes,Not Placed
1324,7.74,58.14,48.71,82.95,65.56,64.29,65.04,1,Yes,6,1,93.32,0,No,Placed
1325,7.27,74.37,65.83,,65.29,71.35,73.28,3,No,0,1,61.97,0,Yes,Placed
1326,5.03,95.45,99.19,39.88,50.83,33.88,46.34,1,No,0,1,77.83,0,Yes,Not Placed
1327,6.17,89.96,81.2,63.36,67.01,55.1,72.5,4,No,0,0,94.07,0,Yes,Placed
1328,7.04,74.26,79.03,65.52,62.45,66.73,78.97,3,No,0,0,78.43,0,No,Placed
1329,5.87,86.42,96.37,67.41,26.32,43.81,79.29,1,No,0,3,75.06,0,No,Not Placed
1330,7.86,70.6,65.33,85.43,55.77,52.22,89.18,3,Yes,3,1,90.79,0,No,Placed
1331,8.88,54.55,59.55,61.45,100.0,84.61,56.05,2,Yes,3,1,73.49,4,No,Placed
1332,8.54,63.91,53.29,63.21,79.19,68.34,60.41,1,No,0,2,69.78,3,Yes,Not Placed
1333,6.97,93.75,95.42,48.45,91.26,73.55,100.0,1,No,0,1,84.75,0,No,Placed
1334,8.84,71.71,71.14,77.31,91.65,96.78,,2,No,0,0,80.17,1,Yes,Placed
1335,7.36,72.08,73.66,67.76,62.54,71.17,73.6,3,No,0,2,69.56,0,Yes,Placed
1336,6.83,71.4,64.1,58.7,59.15,58.83,68.79,2,Yes,2,2,88.37,0,No,Placed
1337,6.53,97.85,79.78,36.43,51.65,41.63,55.21,2,No,0,0,86.64,0,Yes,Placed
1338,6.87,94.51,94.09,86.67,28.87,32.71,99.22,3,Yes,2,3,78.4,0,Yes,Placed
1339,6.77,100.0,78.49,46.58,54.45,66.3,60.5,3,No,0,0,79.09,0,No,Placed
1340,7.39,73.09,68.24,56.13,77.26,76.84,49.71,2,No,0,1,86.7,1,No,Placed
1341,7.38,78.55,83.22,70.38,50.02,49.06,61.89,3,No,0,0,93.9,1,No,Not Placed
1342,7.2,56.8,57.66,47.05,63.81,65.98,33.97,2,Yes,6,1,79.17,0,Yes,Placed
1343,7.68,92.72,100.0,42.6,74.22,64.03,58.28,4,No,0,1,88.55,0,Yes,Placed
1344,8.51,60.99,68.09,33.14,54.43,45.17,52.57,2,No,0,1,87.65,0,No,Placed
1345,8.24,77.6,69.61,75.81,59.19,68.53,81.11,3,Yes,1,2,90.79,0,No,Placed
1346,5.57,61.83,60.87,56.82,29.26,30.12,57.88,2,No,0,0,82.39,4,Yes,Not Placed
1347,4.39,67.93,65.76,100.0,22.79,42.52,85.98,1,No,0,2,72.88,1,No,Not Placed
1348,8.23,64.95,50.8,50.08,46.51,48.8,95.17,2,No,0,1,77.38,4,No,Not Placed
1349,5.7,67.71,58.41,51.18,32.06,32.8,84.06,2,No,0,4,85.43,1,Yes,Not Placed
1350,6.95,68.53,62.19,56.52,76.91,77.49,66.12,3,Yes,3,1,100.0,0,No,Placed
1351,5.91,68.42,50.29,68.65,33.57,62.78,72.54,2,No,0,0,77.16,0,Yes,Not Placed
1352,5.22,85.0,81.88,57.95,43.64,40.39,42.55,3,No,0,0,90.05,0,Yes,Not Placed
1353,7.8,61.74,58.57,74.18,54.82,43.98,67.59,3,Yes,2,2,78.72,0,Yes,Placed
1354,8.04,77.65,61.5,50.32,81.96,52.45,54.51,3,Yes,6,2,83.1,2,No,Placed
1355,6.57,89.62,88.89,44.28,72.19,62.31,82.5,1,Yes,6,1,97.15,0,No,Placed
1356,4.35,68.84,72.68,38.03,47.76,38.21,100.0,5,Yes,6,1,89.64,0,No,Not Placed
1357,6.6,66.38,66.56,31.65,57.39,51.74,,3,No,0,1,69.59,1,No,Placed
1358,7.63,72.23,67.42,57.23,57.58,58.8,34.16,3,No,0,3,76.28,2,Yes,Not Placed
1359,5.57,89.16,89.97,,26.71,20.81,63.5,2,No,0,3,94.56,0,Yes,Not Placed
1360,7.4,77.33,80.04,55.53,88.37,60.37,72.2,2,Yes,6,4,83.42,1,Yes,Placed
1361,7.18,68.63,69.22,83.65,46.07,60.3,71.57,1,No,0,2,70.51,0,Yes,Not Placed
1362,7.84,80.81,71.13,83.42,72.65,77.24,,2,No,0,3,73.81,0,No,Placed
1363,7.33,61.77,62.81,59.98,74.55,65.92,74.42,1,No,0,0,89.03,0,Yes,Placed
1364,6.13,83.18,89.42,38.09,40.71,23.35,47.63,2,No,0,2,91.94,0,No,Not Placed
1365,8.52,79.9,72.14,56.5,83.7,80.25,52.99,2,No,0,2,82.18,0,Yes,Placed
1366,7.03,71.31,85.96,56.0,67.67,76.89,81.62,2,No,0,3,100.0,0,Yes,Not Placed
1367,7.17,64.94,59.24,55.14,83.28,77.62,51.72,2,Yes,3,1,90.24,1,Yes,Placed
1368,6.17,64.36,63.18,54.53,42.35,37.53,79.69,4,No,0,0,79.57,2,No,Not Placed
1369,6.71,81.42,72.9,55.2,34.41,41.09,45.35,1,No,0,1,73.84,0,Yes,Not Placed
1370,6.23,89.75,87.56,59.2,42.23,33.66,100.0,3,No,0,1,72.25,1,Yes,Not Placed
1371,7.01,67.35,51.68,55.47,59.21,68.67,56.06,1,No,0,0,85.35,0,No,Not Placed
1372,9.08,80.5,73.08,68.12,73.54,72.73,65.97,0,Yes,1,1,77.11,0,No,Placed
1373,5.69,49.96,45.0,70.41,39.63,31.18,75.95,1,No,0,1,98.74,1,No,Not Placed
1374,5.43,67.98,67.27,51.34,14.76,22.73,59.82,3,No,0,1,96.66,0,Yes,Not Placed
1375,8.82,74.63,80.12,84.07,77.6,84.18,72.58,2,No,0,1,88.33,0,Yes,Placed
1376,6.97,64.08,67.84,50.3,85.34,71.5,80.36,4,Yes,6,0,70.21,3,No,Placed
1377,6.46,63.76,45.0,40.73,58.68,50.53,87.29,2,No,0,3,75.28,0,No,Placed
1378,8.34,66.99,81.62,70.71,75.89,62.09,84.25,0,No,0,2,94.56,4,No,Not Placed
1379,6.53,78.51,78.02,52.74,60.86,64.09,66.91,3,No,0,0,76.37,0,Yes,Not Placed
1380,9.21,72.75,64.26,69.82,79.62,70.2,67.36,1,Yes,1,2,93.22,0,Yes,Placed
1381,7.95,48.14,49.58,28.94,77.54,41.4,100.0,3,Yes,6,2,86.75,0,Yes,Placed
1382,6.66,49.55,,85.89,59.24,63.52,87.1,1,No,0,0,82.52,0,No,Placed
1383,9.57,67.72,60.61,75.08,71.89,82.66,53.41,2,Yes,6,1,74.97,0,Yes,Placed
1384,6.53,80.49,79.03,42.49,40.33,37.11,71.8,3,No,0,1,81.06,1,No,Not Placed
1385,8.02,45.0,45.0,42.82,60.4,72.5,63.97,5,No,0,1,83.9,0,Yes,Placed
1386,7.53,69.0,63.87,90.08,64.95,76.78,67.56,2,No,0,2,92.33,0,No,Placed
1387,8.63,68.69,61.33,53.94,64.31,64.59,47.87,3,No,0,1,73.14,0,Yes,Placed
1388,8.92,91.66,76.03,52.49,76.06,67.7,62.59,1,Yes,6,0,79.37,0,Yes,Placed
1389,7.24,70.38,69.51,31.01,64.47,53.75,100.0,3,No,0,3,82.45,1,Yes,Placed
1390,6.37,79.6,81.32,59.74,63.47,59.71,80.42,3,No,0,0,88.63,1,No,Not Placed
1391,7.71,76.7,78.14,61.58,80.89,72.08,25.16,1,No,0,2,72.92,4,No,Not Placed
1392,6.45,49.43,56.05,75.73,52.81,64.99,91.9,2,No,0,0,68.83,0,Yes,Placed
1393,9.41,84.22,83.39,44.01,55.7,42.84,89.61,1,No,0,1,88.74,0,No,Placed
1394,7.35,77.58,70.56,42.2,53.62,39.44,63.53,2,Yes,3,1,66.82,0,Yes,Not Placed
1395,6.8,81.1,84.71,71.76,55.05,48.83,82.91,1,No,0,0,94.85,3,No,Not Placed
1396,7.4,100.0,84.14,,31.69,66.67,54.53,2,No,0,1,80.44,0,No,Not Placed
1397,5.72,49.99,45.0,41.43,66.58,64.34,61.54,5,No,0,0,66.52,0,No,Placed
1398,6.13,95.7,83.41,81.22,51.19,63.24,96.97,0,No,0,1,77.2,0,Yes,Placed
1399,8.52,71.55,78.04,65.56,73.88,60.81,65.11,2,Yes,2,1,85.79,1,Yes,Placed
1400,6.48,78.45,83.15,81.38,72.3,81.26,36.34,2,No,0,0,76.67,1,No,Placed
1401,6.05,74.45,75.91,63.95,38.94,45.27,68.86,4,No,0,2,82.2,2,Yes,Not Placed
1402,7.79,69.91,76.49,27.17,70.93,59.94,68.59,2,Yes,6,0,89.4,0,Yes,Placed
1403,8.5,68.16,59.31,62.72,66.39,55.52,91.57,2,No,0,0,79.98,4,No,Not Placed
1404,7.99,78.95,78.85,80.9,61.17,68.69,70.26,2,Yes,6,1,72.63,0,Yes,Placed
1405,8.3,56.79,55.11,51.59,54.78,49.59,62.41,1,No,0,1,79.01,4,No,Not Placed
1406,6.37,84.01,87.38,59.18,75.92,63.25,88.81,0,Yes,2,1,96.15,2,No,Not Placed
1407,5.64,70.01,67.08,62.36,39.46,53.67,72.17,2,No,0,0,98.85,1,No,Not Placed
1408,8.85,61.44,57.22,21.51,81.3,47.99,56.5,0,Yes,2,2,61.8,1,Yes,Placed
1409,6.85,69.6,71.97,90.07,26.64,51.31,90.79,2,No,0,1,92.91,0,Yes,Placed
1410,6.92,90.09,93.09,51.48,73.09,73.45,73.49,2,No,0,0,84.5,0,Yes,Placed
1411,8.66,68.58,61.37,72.59,85.07,72.53,70.05,2,Yes,6,1,91.24,0,Yes,Placed
1412,7.81,79.3,75.88,63.7,63.96,55.68,73.2,1,No,0,2,76.5,0,Yes,Not Placed
1413,7.7,66.23,56.14,83.86,58.21,63.67,50.73,4,Yes,1,1,64.32,0,Yes,Placed
1414,9.58,84.1,60.7,71.09,82.65,82.0,60.5,4,No,0,0,87.84,0,Yes,Placed
1415,6.49,83.23,81.51,61.48,86.27,77.3,70.06,1,No,0,1,72.59,2,Yes,Placed
1416,8.22,97.18,97.34,51.6,39.32,47.34,66.5,2,No,0,0,68.12,0,No,Not Placed
1417,7.26,72.89,72.7,76.97,69.83,89.6,92.9,2,No,0,1,68.82,1,Yes,Placed
1418,7.5,83.02,64.12,36.9,46.29,38.39,73.91,0,Yes,3,2,88.01,1,Yes,Not Placed
1419,8.88,76.18,70.75,74.69,70.75,54.78,85.39,2,Yes,6,1,83.39,0,No,Placed
1420,7.76,90.55,68.75,48.51,58.35,63.66,70.17,1,No,0,1,89.82,0,No,Not Placed
1421,7.79,66.37,75.69,83.78,55.91,81.11,89.01,4,Yes,6,3,88.69,0,Yes,Placed
1422,8.38,83.94,71.86,67.42,66.88,70.97,77.16,4,No,0,1,77.79,1,No,Placed
1423,6.8,72.66,80.44,74.66,37.38,37.68,70.24,2,Yes,2,1,81.3,0,Yes,Not Placed
1424,6.28,74.23,79.37,66.23,65.65,64.59,69.76,2,No,0,0,76.89,0,Yes,Placed
1425,6.05,76.1,66.29,38.71,21.49,15.47,52.82,4,Yes,6,1,79.9,2,No,Not Placed
1426,5.04,78.03,66.16,52.09,48.39,55.93,79.12,4,No,0,1,72.33,0,No,Placed
1427,9.46,73.61,74.05,75.09,70.8,58.57,69.28,5,Yes,6,1,85.9,1,No,Placed
1428,5.99,77.58,68.06,67.5,30.33,38.48,60.96,1,Yes,6,4,92.75,0,No,Not Placed
1429,6.96,93.94,90.36,82.71,58.69,55.85,89.92,1,No,0,2,73.83,1,No,Not Placed
1430,6.9,86.83,79.28,71.05,31.81,44.85,47.5,3,Yes,3,2,94.81,3,No,Not Placed
1431,7.54,85.43,67.64,50.5,60.9,54.12,62.4,2,No,0,1,83.14,1,Yes,Placed
1432,8.1,69.53,49.74,53.06,43.44,48.09,88.5,0,No,0,1,84.41,0,No,Not Placed
1433,8.15,64.33,64.71,66.54,72.09,70.65,75.68,0,Yes,2,0,65.01,0,Yes,Placed
1434,6.56,86.46,78.32,30.29,38.6,26.24,69.14,4,No,0,1,63.93,2,Yes,Not Placed
1435,7.02,85.51,77.54,90.1,49.36,67.85,74.52,4,No,0,2,83.44,0,Yes,Placed
1436,7.51,92.67,93.97,71.63,64.5,66.15,73.23,2,No,0,1,89.9,0,No,Placed
1437,6.93,67.75,75.36,83.41,43.82,45.81,42.7,4,No,0,2,75.29,1,No,Not Placed
1438,8.97,72.25,67.84,41.29,70.88,84.41,63.71,2,No,0,0,98.7,0,No,Placed
1439,7.74,55.33,52.07,83.67,39.21,57.31,99.1,3,Yes,6,1,89.35,0,Yes,Placed
1440,8.01,70.29,72.26,98.47,73.53,79.48,58.13,2,Yes,2,1,72.92,3,Yes,Not Placed
1441,7.93,86.96,72.41,45.19,89.91,90.64,64.27,1,No,0,1,82.31,0,Yes,Placed
1442,8.49,69.4,69.25,76.57,100.0,100.0,60.25,2,No,0,2,100.0,0,Yes,Placed
1443,7.4,82.69,83.83,65.02,60.56,60.44,68.43,2,Yes,6,4,69.57,1,No,Placed
1444,5.77,72.71,75.88,41.83,58.01,56.63,59.5,2,No,0,0,87.28,2,Yes,Not Placed
1445,7.64,78.89,60.51,72.39,34.41,35.92,78.76,1,No,0,0,78.77,0,No,Not Placed
1446,6.48,61.23,54.01,77.5,74.41,73.87,73.55,5,Yes,1,0,89.07,1,Yes,Placed
1447,6.62,76.02,66.39,55.98,64.59,60.02,83.92,1,Yes,6,1,94.67,1,Yes,Not Placed
1448,7.85,45.0,46.3,82.49,55.5,65.45,51.08,1,No,0,1,78.14,0,No,Placed
1449,8.56,72.76,74.33,40.0,87.05,76.27,63.87,2,Yes,1,2,93.19,0,Yes,Placed
1450,7.22,55.43,66.86,42.58,53.97,56.15,65.94,2,Yes,3,1,100.0,0,Yes,Placed
1451,7.54,89.47,81.57,67.05,53.45,59.9,78.2,2,Yes,2,1,82.66,1,Yes,Placed
1452,9.07,84.33,76.92,65.38,79.71,63.3,55.72,3,No,0,2,89.85,2,No,Placed
1453,7.46,80.6,86.74,54.25,43.77,37.53,86.48,2,No,0,1,76.1,0,No,Not Placed
1454,10.0,93.25,91.3,77.14,95.32,84.41,91.36,2,Yes,3,1,82.19,2,No,Placed
1455,7.82,63.61,72.39,72.96,46.74,51.78,52.2,3,Yes,6,0,80.23,1,No,Placed
1456,5.26,95.97,93.68,77.87,26.35,52.32,61.16,0,No,0,1,89.97,0,No,Not Placed
1457,8.03,86.19,,63.15,50.58,42.73,60.43,2,No,0,1,94.05,1,No,Not Placed
1458,7.62,72.16,59.28,74.04,72.35,69.28,100.0,4,No,0,1,80.9,0,No,Placed
1459,8.62,88.63,72.35,58.32,59.7,68.81,62.26,0,No,0,3,97.34,3,Yes,Not Placed
1460,7.94,61.72,65.85,95.81,43.3,56.06,100.0,2,No,0,3,97.3,0,Yes,Placed
1461,7.05,65.11,73.1,52.81,47.3,53.56,47.2,4,Yes,3,2,90.47,0,No,Placed
1462,5.85,67.7,80.72,96.58,46.35,60.02,52.19,2,No,0,1,76.84,1,Yes,Not Placed
1463,6.97,68.65,73.53,65.52,38.05,48.86,57.64,2,No,0,2,75.88,0,Yes,Not Placed
1464,6.26,62.32,70.39,44.37,32.84,34.01,54.78,5,No,0,1,73.88,2,No,Not Placed
1465,6.56,89.68,81.07,85.52,84.16,91.24,,1,No,0,0,91.49,0,Yes,Placed
1466,7.85,71.89,60.45,66.89,49.87,39.53,57.24,0,Yes,3,1,69.88,3,No,Not Placed
1467,9.04,79.23,83.11,77.77,67.45,66.91,55.25,4,Yes,6,0,88.77,0,No,Placed
1468,7.63,68.16,69.68,83.36,55.56,66.87,90.85,4,No,0,1,71.19,0,Yes,Placed
1469,5.88,53.15,53.7,70.07,40.76,54.89,92.03,2,No,0,1,90.24,3,No,Not Placed
1470,7.69,78.24,78.52,56.12,70.83,81.35,87.09,2,No,0,3,82.17,1,No,Placed
1471,8.52,52.05,54.43,79.64,82.35,77.63,79.43,3,No,0,1,95.34,1,Yes,Placed
1472,6.53,74.18,82.03,65.01,47.64,67.65,71.67,3,Yes,1,3,93.41,4,No,Not Placed
1473,7.05,58.58,68.08,75.29,37.87,42.51,61.05,1,Yes,2,0,96.35,0,No,Not Placed
1474,7.22,98.85,98.32,32.69,76.85,76.89,52.84,0,No,0,0,96.61,0,Yes,Placed
1475,6.34,85.94,89.11,71.7,49.26,64.17,76.53,2,Yes,3,1,83.44,0,Yes,Placed
1476,7.91,76.27,77.75,55.42,89.26,69.97,48.87,4,No,0,1,70.41,0,Yes,Placed
1477,7.07,90.16,82.46,89.8,22.85,46.01,52.11,4,Yes,3,0,71.47,2,Yes,Not Placed
1478,7.66,64.84,69.41,74.35,64.22,66.75,90.75,5,No,0,0,61.13,4,Yes,Placed
1479,6.22,81.52,,68.6,78.57,81.83,100.0,4,No,0,1,71.16,0,No,Placed
1480,6.72,77.4,83.09,72.29,48.45,53.37,77.08,2,No,0,1,82.69,1,Yes,Not Placed
1481,7.99,78.17,65.8,50.02,60.57,54.34,89.92,2,Yes,6,2,76.4,3,No,Placed
1482,6.79,90.27,88.53,89.35,58.75,81.62,65.57,3,No,0,1,80.2,1,Yes,Placed
1483,9.1,83.79,73.65,94.87,64.42,72.56,45.92,3,No,0,0,86.93,0,Yes,Placed
1484,6.76,78.46,80.05,70.89,49.4,64.11,81.02,2,No,0,2,78.96,0,No,Not Placed
1485,7.45,55.14,54.36,88.86,54.51,62.56,80.25,0,Yes,1,0,70.78,4,No,Placed
1486,8.23,63.48,49.37,56.46,56.4,73.08,71.29,4,Yes,1,2,81.47,4,Yes,Placed
1487,5.64,73.53,74.54,53.04,63.55,53.62,65.64,2,Yes,2,2,73.02,0,Yes,Not Placed
1488,5.26,76.12,68.89,65.61,49.02,47.86,87.32,2,Yes,2,3,79.29,2,No,Not Placed
1489,5.52,61.44,67.34,71.52,47.93,70.26,52.26,2,No,0,1,95.43,0,Yes,Not Placed
1490,8.59,100.0,95.01,59.09,80.84,69.87,56.07,3,No,0,1,79.29,0,Yes,Placed
1491,6.59,93.2,92.04,73.07,48.78,72.08,51.85,1,Yes,6,1,99.71,4,Yes,Not Placed
1492,10.0,82.23,71.34,69.6,68.39,77.67,71.53,3,Yes,2,1,96.32,0,No,Placed
1493,6.58,75.86,68.56,50.03,43.6,43.98,50.42,1,Yes,1,1,76.21,0,Yes,Not Placed
1494,7.4,72.45,66.54,72.78,59.25,45.18,57.68,1,No,0,1,70.89,0,No,Not Placed
1495,8.9,63.58,69.07,77.95,55.28,61.89,57.3,2,No,0,2,81.47,0,No,Placed
1496,9.41,75.93,86.76,67.57,67.75,68.71,65.31,3,No,0,0,93.53,0,No,Placed
1497,9.47,78.09,68.84,82.29,68.0,83.96,43.23,5,No,0,2,77.1,0,Yes,Placed
1498,8.53,60.1,67.7,46.74,100.0,99.91,71.57,3,No,0,2,91.08,3,Yes,Placed
1499,8.33,79.01,58.75,72.02,25.0,32.26,92.45,4,Yes,1,1,94.08,3,Yes,Not Placed
1500,7.85,73.14,61.27,47.45,60.12,64.33,72.44,1,Yes,6,1,74.26,0,Yes,Placed
